id,name,tm,lg,pos,g,ab,r,h,db,tp,hr,rbi,sb,cs,bb,so,hbp,sf,ibb,roster_id
abramcj01,"CJ Abrams",TOT,NL,SS,90,284,33,70,12,2,2,21,7,4,5,50,9,2,0,NULL
abreujo02,"José Abreu",CHW,AL,1B,157,601,85,183,40,0,15,75,0,0,62,110,12,4,2,NULL
acunaro01,"Ronald Acuna Jr.",ATL,NL,RF,119,467,71,124,24,0,15,50,29,11,53,126,10,3,4,NULL
adamewi01,"Willy Adames",MIL,NL,SS,139,563,83,134,31,0,31,98,8,3,49,166,1,4,3,NULL
adamsri03,"Riley Adams",WSN,NL,C,48,142,14,25,4,0,5,10,0,1,12,46,1,0,0,NULL
adelljo01,"Jo Adell",LAA,AL,LF,88,268,22,60,12,2,8,27,4,2,11,107,4,1,0,NULL
adriaeh01,"Ehire Adrianza",TOT,NL,3B,37,97,8,17,3,0,0,7,1,0,11,25,1,1,0,NULL
aguilje01,"Jesus Aguilar",TOT,MLB,1B,129,464,39,109,19,0,16,51,1,0,28,119,4,5,1,NULL
aguilry01,"Ryan Aguilar",LAA,AL,RF,7,22,2,3,1,0,0,2,0,0,2,14,1,1,0,NULL
ahmedni01,"Nick Ahmed",ARI,NL,SS,17,52,7,12,2,0,3,7,0,1,2,15,0,0,0,NULL
alberha01,"Hanser Alberto",LAD,NL,2B,73,156,13,38,9,2,2,15,0,1,3,25,0,0,0,NULL
albieoz01,"Ozzie Albies",ATL,NL,2B,64,247,36,61,16,0,8,35,3,5,16,47,2,4,0,NULL
alcanse01,"Sergio Alcantara",TOT,NL,3B,93,205,26,45,8,1,6,29,1,2,12,57,1,4,0,NULL
alfarjo01,"Jorge Alfaro",SDP,NL,C,82,256,25,63,14,0,7,40,1,0,11,98,4,3,0,NULL
alforan01,"Anthony Alford",PIT,NL,CF,2,4,0,1,0,0,0,0,0,0,0,2,0,0,0,NULL
allenau01,"Austin Allen",OAK,AL,C,5,14,1,1,0,0,0,0,0,0,1,9,1,0,0,NULL
allengr01,"Greg Allen",PIT,NL,LF,46,118,17,22,4,0,2,8,8,2,10,42,2,1,0,NULL
allenni02,"Nick Allen",OAK,AL,SS,100,299,31,62,13,0,4,19,3,2,19,64,1,1,0,NULL
almonab01,"Abraham Almonte",BOS,AL,CF,15,35,7,9,2,0,1,2,1,0,1,12,1,0,0,NULL
almoral01,"Albert Almora",CIN,NL,CF,64,215,26,48,10,1,5,29,3,2,17,46,1,1,0,NULL
alonspe01,"Pete Alonso",NYM,NL,1B,160,597,95,162,27,0,40,131,5,1,67,128,12,9,16,NULL
altuvjo01,"Jose Altuve",HOU,AL,2B,141,527,103,158,39,0,28,57,18,1,66,87,10,1,2,NULL
alvared01,"Eddy Alvarez",LAD,NL,3B,14,25,1,4,0,0,0,3,1,0,0,9,0,1,0,NULL
alvarfr01,"Francisco Álvarez",NYM,NL,C,5,12,3,2,1,0,1,1,0,0,2,4,0,0,0,NULL
alvaryo01,"Yordan Alvarez",HOU,AL,LF,135,470,95,144,29,2,37,97,1,1,78,106,6,7,9,NULL
anderbr06,"Brian Anderson",MIA,NL,3B,98,338,43,75,16,1,8,28,1,0,37,101,7,1,2,NULL
anderti01,"Tim Anderson",CHW,AL,SS,79,332,50,100,13,0,6,25,13,0,14,55,5,0,1,NULL
andruel01,"Elvis Andrus",TOT,AL,SS,149,535,66,133,32,0,17,58,18,4,39,92,3,0,0,NULL
andujmi01,"Miguel Andujar",TOT,MLB,LF,36,132,13,31,5,1,1,17,4,1,5,27,0,3,0,NULL
aquinar01,"Aristides Aquino",CIN,NL,RF,80,259,24,51,13,0,10,30,2,3,17,101,0,0,0,NULL
arandjo01,"Jonathan Aranda",TBR,AL,2B,32,78,10,15,4,0,2,6,0,0,8,23,1,0,1,NULL
arauzjo01,"Jonathan Arauz",TOT,AL,3B,15,38,3,5,0,0,1,5,0,0,1,12,0,1,0,NULL
arciaor01,"Orlando Arcia",ATL,NL,2B,67,209,25,51,9,0,9,30,0,0,21,51,2,2,0,NULL
arenano01,"Nolan Arenado",STL,NL,3B,148,557,73,163,42,1,30,103,5,3,52,72,7,4,3,NULL
ariasga01,"Gabriel Arias",CLE,AL,3B,16,47,9,9,1,1,1,5,1,0,8,16,1,0,0,NULL
arozara01,"Randy Arozarena",TBR,AL,LF,153,586,72,154,41,3,20,89,32,12,46,156,11,2,2,NULL
arraelu01,"Luis Arraez",MIN,AL,2B,144,547,88,173,31,1,8,49,4,4,50,43,3,3,2,NULL
arroych01,"Christian Arroyo",BOS,AL,2B,87,280,32,80,16,1,6,36,5,1,13,49,3,2,2,NULL
astudwi01,"Willians Astudillo",MIA,NL,3B,21,54,5,13,0,0,1,4,1,0,1,3,0,0,0,NULL
azocajo01,"Jose Azocar",SDP,NL,RF,98,202,24,52,9,3,0,10,5,6,12,44,0,1,0,NULL
baddoak01,"Akil Baddoo",DET,AL,LF,73,201,30,41,3,2,2,9,9,6,24,64,0,0,0,NULL
baderha01,"Harrison Bader",TOT,MLB,CF,86,292,38,73,10,3,5,30,17,3,15,62,4,2,0,NULL
baeji01,"Ji Hwan Bae",PIT,NL,CF,10,33,5,11,3,0,0,6,3,0,2,6,2,0,0,NULL
baezja01,"Javier Baez",DET,AL,SS,144,555,64,132,27,4,17,67,9,2,26,147,6,3,1,NULL
bannory01,"Rylan Bannon",TOT,MLB,3B,5,14,0,2,0,0,0,0,0,0,0,5,1,0,0,NULL
barneau01,"Austin Barnes",LAD,NL,C,62,179,31,38,6,0,8,26,2,1,27,37,3,1,0,NULL
barnhtu01,"Tucker Barnhart",DET,AL,C,94,281,16,62,10,0,1,16,0,0,25,74,1,0,0,NULL
barrelu01,"Luis Barrera",OAK,AL,LF,32,77,3,18,5,0,1,7,3,0,6,17,1,1,0,NULL
barretr01,"Tres Barrera",WSN,NL,C,19,50,2,9,1,0,0,4,0,0,2,16,0,0,0,NULL
bartjo01,"Joey Bart",SFG,NL,C,97,261,34,56,6,0,11,25,2,1,26,112,4,0,0,NULL
battema01,"Matthew Batten",SDP,NL,3B,15,19,0,2,1,0,0,1,0,0,2,6,1,0,0,NULL
batybr01,"Brett Baty",NYM,NL,3B,11,38,4,7,0,0,2,5,0,0,2,8,1,0,0,NULL
beatyma01,"Matt Beaty",SDP,NL,RF,20,43,6,4,1,1,0,1,0,0,2,8,2,0,0,NULL
beckhti01,"Tim Beckham",MIN,AL,LF,12,25,1,2,0,0,0,1,0,0,0,9,0,0,0,NULL
beerse01,"Seth Beer",ARI,NL,1B,38,111,4,21,3,0,1,9,0,0,11,31,3,1,1,NULL
bellico01,"Cody Bellinger",LAD,NL,CF,144,504,70,106,27,3,19,68,14,3,38,150,2,6,0,NULL
belljo02,"Josh Bell",TOT,NL,1B,156,552,78,147,29,3,17,71,0,1,81,102,5,6,4,NULL
beltbr01,"Brandon Belt",SFG,NL,1B,78,254,25,54,9,1,8,23,1,0,37,81,6,1,2,NULL
bemboan01,"Anthony Bemboom",BAL,AL,C,22,52,4,6,2,0,1,1,0,0,6,17,0,0,0,NULL
beninan01,"Andrew Benintendi",TOT,AL,LF,126,461,54,140,23,3,5,51,8,3,52,77,2,5,0,NULL
bensowi01,"Will Benson",CLE,AL,CF,28,55,8,10,1,0,0,3,0,0,3,19,2,0,0,NULL
bernawy01,"Wynton Bernard",COL,NL,CF,12,42,9,12,1,0,0,3,3,1,0,8,0,0,0,NULL
bertijo01,"Jon Berti",MIA,NL,2B,102,358,47,86,17,3,4,28,41,5,42,89,3,1,0,NULL
bethach01,"Christian Bethancourt",TOT,AL,C,100,318,39,80,17,0,11,34,5,1,12,80,2,0,0,NULL
bettsmo01,"Mookie Betts",LAD,NL,RF,142,572,117,154,40,3,35,82,12,2,55,104,8,4,0,NULL
bichebo01,"Bo Bichette",TOR,AL,SS,159,652,91,189,43,1,24,93,13,8,41,155,2,2,0,NULL
biggica01,"Cavan Biggio",TOR,AL,2B,97,257,43,52,18,1,6,24,2,0,38,85,6,1,0,NULL
blackch02,"Charlie Blackmon",COL,NL,RF,135,530,60,140,22,6,16,78,4,1,32,109,8,3,4,NULL
blancda02,"Dairon Blanco",KCR,AL,CF,5,7,1,2,0,0,0,2,1,0,0,4,0,0,0,NULL
blanktr01,"Travis Blankenhorn",NYM,NL,2B,1,3,0,0,0,0,0,0,0,0,0,1,0,0,0,NULL
bledajj01,"JJ Bleday",MIA,NL,CF,65,204,21,34,10,2,5,16,4,1,30,67,2,2,0,NULL
bogaexa01,"Xander Bogaerts",BOS,AL,SS,150,557,84,171,38,0,15,73,8,2,57,118,10,7,2,NULL
bohmal01,"Alec Bohm",PHI,NL,3B,152,586,79,164,24,3,13,72,2,3,31,110,4,10,1,NULL
boltsk01,"Skye Bolt",OAK,AL,CF,42,106,10,21,2,0,4,13,5,0,7,30,2,1,0,NULL
boteda01,"David Bote",CHC,NL,2B,41,116,15,30,8,0,4,12,1,0,6,45,4,1,0,NULL
bouchse01,"Sean Bouchard",COL,NL,LF,27,74,9,22,6,0,3,11,0,0,21,25,1,1,0,NULL
bradlbo01,"Bobby Bradley",CLE,AL,1B,8,17,1,2,0,0,0,0,0,0,0,9,0,0,0,NULL
bradlja02,"Jackie Bradley Jr.",TOT,AL,RF,131,344,30,70,23,1,4,38,2,3,24,77,0,0,0,NULL
brantmi02,"Michael Brantley",HOU,AL,LF,64,243,28,70,14,1,5,26,1,1,31,30,1,1,2,NULL
brantro01,"Rob Brantly",NYY,AL,C,1,3,0,1,1,0,0,0,0,0,0,0,0,0,0,NULL
bregmal01,"Alex Bregman",HOU,AL,3B,155,548,93,142,38,0,23,93,1,2,87,77,11,10,1,NULL
brennwi02,"Will Brennan",CLE,AL,LF,11,42,6,15,1,1,1,8,2,1,2,4,1,0,1,NULL
bridejo01,"Jonah Bride",OAK,AL,2B,58,162,17,33,4,0,1,6,1,0,19,32,4,1,0,NULL
brinsle01,"Lewis Brinson",SFG,NL,CF,16,36,5,6,2,0,3,4,1,0,2,14,0,0,0,NULL
brossmi01,"Mike Brosseau",MIL,NL,3B,69,141,15,36,5,0,6,23,2,0,14,48,5,0,0,NULL
brownse01,"Seth Brown",OAK,AL,1B,150,500,55,115,26,3,25,73,11,2,51,146,3,1,3,NULL
brujavi01,"Vidal Brujan",TBR,AL,2B,52,147,13,24,5,0,3,16,5,5,12,37,1,2,0,NULL
bryankr01,"Kris Bryant",COL,NL,LF,42,160,28,49,12,0,5,14,0,0,17,27,2,2,0,NULL
burdipe01,"Peyton Burdick",MIA,NL,LF,32,92,8,19,4,0,4,11,1,0,8,35,2,0,0,NULL
burgeja01,"Jake Burger",CHW,AL,3B,51,168,20,42,9,1,8,26,0,0,10,56,3,1,1,NULL
burleal01,"Alec Burleson",STL,NL,RF,16,48,4,9,1,0,1,3,1,0,5,9,0,0,0,NULL
buxtoby01,"Byron Buxton",MIN,AL,CF,92,340,61,76,13,3,28,51,6,0,34,116,7,1,0,NULL
cabremi01,"Miguel Cabrera",DET,AL,1B,112,397,25,101,10,0,5,43,1,0,28,101,3,5,3,NULL
cabreos01,"Oswaldo Cabrera",NYY,AL,RF,44,154,21,38,8,1,6,19,3,2,15,44,0,1,0,NULL
cainlo01,"Lorenzo Cain",MIL,NL,CF,43,145,17,26,5,0,1,9,2,2,8,36,2,1,0,NULL
calhoko01,"Kole Calhoun",TEX,AL,RF,125,388,36,76,14,1,12,49,3,2,27,136,6,3,0,NULL
calhowi01,"Willie Calhoun",TOT,MLB,LF,22,52,7,7,3,0,1,3,0,0,9,8,1,0,0,NULL
callal02,"Alex Call",TOT,MLB,LF,47,114,18,27,3,1,5,13,3,3,15,30,2,0,0,NULL
camarjo01,"Johan Camargo",PHI,NL,SS,52,152,8,36,3,0,3,15,0,0,13,37,0,0,0,NULL
camerda01,"Daz Cameron",DET,AL,RF,21,64,6,14,3,1,1,8,2,0,5,20,1,0,0,NULL
campulu01,"Luis Campusano",SDP,NL,C,16,48,4,12,1,0,1,5,0,0,1,11,0,1,0,NULL
candeje01,"Jeimer Candelario",DET,AL,3B,124,429,49,93,19,2,13,50,0,1,28,109,6,4,1,NULL
canhama01,"Mark Canha",NYM,NL,LF,140,462,71,123,24,0,13,61,3,1,48,97,28,4,1,NULL
canoro01,"Robinson Canó",TOT,NL,2B,33,100,5,15,1,0,1,4,0,0,4,25,0,0,0,NULL
capelco01,"Conner Capel",TOT,MLB,RF,22,52,7,16,0,1,3,11,1,1,5,10,0,2,0,NULL
capravi01,"Vinny Capra",TOR,AL,2B,8,5,2,1,0,0,0,0,0,0,2,1,0,0,0,NULL
caratvi01,"Victor Caratini",MIL,NL,C,95,272,26,54,12,0,9,34,0,0,31,67,9,1,1,NULL
carlsdy01,"Dylan Carlson",STL,NL,CF,128,432,56,102,30,4,8,42,5,2,45,94,7,4,1,NULL
carpeke01,"Kerry Carpenter",DET,AL,LF,31,103,16,26,4,1,6,10,0,0,6,32,3,1,0,NULL
carpema01,"Matt Carpenter",NYY,AL,RF,47,128,28,39,9,0,15,37,0,0,19,35,5,1,1,NULL
carroco02,"Corbin Carroll",ARI,NL,CF,32,104,13,27,9,2,4,14,2,1,8,31,3,0,0,NULL
casalcu01,"Curt Casali",TOT,MLB,C,57,148,20,30,4,0,5,17,0,0,24,50,2,2,0,NULL
casastr01,"Triston Casas",BOS,AL,1B,27,76,11,15,1,0,5,12,1,0,19,23,0,0,0,NULL
casteni01,"Nick Castellanos",PHI,NL,RF,136,524,56,138,27,0,13,62,7,1,29,130,3,2,0,NULL
castidi02,"Diego Castillo",PIT,NL,SS,96,262,28,54,13,0,11,29,1,1,14,75,3,4,1,NULL
castrha01,"Harold Castro",DET,AL,1B,120,420,37,114,21,2,7,47,0,1,17,79,1,2,1,NULL
castrja01,"Jason Castro",HOU,AL,C,34,78,6,9,2,0,1,3,1,0,8,40,1,1,0,NULL
castrro01,"Rodolfo Castro",PIT,NL,2B,71,253,25,59,8,4,11,27,5,3,22,74,2,1,0,NULL
castrwi01,"Willi Castro",DET,AL,RF,112,365,47,88,18,2,8,31,9,4,15,82,8,3,0,NULL
caveja01,"Jake Cave",MIN,AL,LF,54,164,17,35,7,3,5,20,2,0,11,49,0,2,0,NULL
celesgi01,"Gilberto Celestino",MIN,AL,CF,122,311,30,74,12,1,2,24,4,1,32,77,2,0,0,NULL
changyu01,"Yu Chang",TOT,MLB,2B,69,168,19,35,6,0,4,15,0,1,16,59,4,2,0,NULL
chapmma01,"Matt Chapman",TOR,AL,3B,155,538,83,123,27,1,27,76,2,2,68,170,10,5,1,NULL
chavimi01,"Michael Chavis",PIT,NL,1B,129,401,39,92,16,3,14,49,1,1,19,126,2,4,1,NULL
chiriro01,"Robinson Chirinos",BAL,AL,C,67,195,10,35,9,0,4,22,1,0,19,67,4,1,0,NULL
chishja01,"Jazz Chisholm Jr.",MIA,NL,2B,60,213,39,54,10,4,14,45,12,5,21,66,3,3,0,NULL
choiji01,"Ji-Man Choi",TBR,AL,1B,113,356,36,83,22,0,11,52,0,0,58,123,2,3,3,NULL
clemeer01,"Ernie Clement",TOT,AL,3B,69,163,19,30,4,0,0,6,0,1,11,26,2,1,0,NULL
clemeko01,"Kody Clemens",DET,AL,3B,56,117,13,17,4,0,5,17,1,0,8,33,0,2,0,NULL
colliza01,"Zack Collins",TOT,MLB,C,36,97,9,15,4,0,4,11,0,0,9,41,1,1,0,NULL
contrma01,"Mark Contreras",MIN,AL,CF,28,58,9,7,1,0,3,6,1,0,1,21,1,1,0,NULL
contrwi01,"Willson Contreras",CHC,NL,C,113,416,65,101,23,2,22,55,4,2,45,103,24,2,0,NULL
contrwi02,"William Contreras",ATL,NL,C,97,334,51,93,14,1,20,45,2,0,39,104,1,2,1,NULL
coopega03,"Garrett Cooper",MIA,NL,1B,119,414,37,108,33,2,9,50,0,0,40,119,10,5,0,NULL
cordefr02,"Franchy Cordero",BOS,AL,1B,84,242,36,53,17,1,8,29,4,1,28,92,1,2,1,NULL
correca01,"Carlos Correa",MIN,AL,SS,136,522,70,152,24,1,22,64,0,1,61,121,3,4,2,NULL
crawfbr01,"Brandon Crawford",SFG,NL,SS,118,407,50,94,15,2,9,52,1,1,39,98,8,4,3,NULL
crawfjp01,"J.P. Crawford",SEA,AL,SS,145,518,57,126,24,3,6,42,3,2,68,80,10,5,0,NULL
croncj01,"C.J. Cron",COL,NL,1B,150,575,79,148,28,3,29,102,0,0,43,164,8,5,6,NULL
croneja01,"Jake Cronenworth",SDP,NL,2B,158,587,88,140,30,4,17,88,3,0,70,131,16,8,3,NULL
crookna01,"Narciso Crook",CHC,NL,RF,4,8,1,2,1,0,0,2,0,0,0,3,0,1,0,NULL
cruzne02,"Nelson Cruz",WSN,NL,RF,124,448,50,105,16,0,10,64,4,0,49,119,4,3,1,NULL
cruzon01,"Oneil Cruz",PIT,NL,SS,87,331,45,77,13,4,17,54,10,4,28,126,1,1,1,NULL
culbech01,"Charlie Culberson",TEX,AL,3B,68,115,19,29,6,0,2,12,2,3,5,31,0,0,0,NULL
dalbebo01,"Bobby Dalbec",BOS,AL,1B,117,317,40,68,9,2,12,39,3,0,29,118,3,4,0,NULL
darnatr01,"Travis d'Arnaud",ATL,NL,C,107,396,61,106,25,1,18,60,0,0,19,90,11,0,0,NULL
davidma02,"Matt Davidson",TOT,MLB,3B,13,34,3,5,0,0,2,3,0,1,3,13,0,0,0,NULL
davisbr04,"Brendon Davis",DET,AL,RF,3,10,2,2,0,0,0,0,1,0,1,3,0,0,0,NULL
davisja03,"Jaylin Davis",BOS,AL,CF,12,24,4,8,1,0,0,2,0,0,3,11,0,0,0,NULL
davisjd01,"J.D. Davis",TOT,NL,3B,115,318,46,79,16,1,12,35,1,1,39,122,6,2,1,NULL
davisjo05,"Jonathan Davis",MIL,NL,CF,37,76,9,17,1,0,0,4,7,1,14,26,0,0,0,NULL
dawsoro01,"Ronnie Dawson",CIN,NL,RF,1,3,0,0,0,0,0,0,0,0,0,2,0,0,0,NULL
dazayo01,"Yonathan Daza",COL,NL,CF,113,372,56,112,21,2,2,34,0,3,26,58,4,5,0,NULL
deanau01,"Austin Dean",SFG,NL,LF,3,8,1,3,0,0,0,0,0,0,1,0,0,0,0,NULL
dejonpa01,"Paul DeJong",STL,NL,SS,77,210,19,33,9,0,6,25,3,2,21,79,4,2,0,NULL
delacbr01,"Bryan De La Cruz",MIA,NL,CF,115,329,38,83,20,0,13,43,4,0,19,90,2,4,0,NULL
delayja01,"Jason Delay",PIT,NL,C,57,155,17,33,6,0,1,11,0,2,9,50,2,0,0,NULL
deluzbe01,"Ben DeLuzio",STL,NL,CF,22,20,3,3,1,0,0,0,0,1,3,5,1,0,0,NULL
demertr01,"Travis Demeritte",ATL,NL,RF,26,89,9,19,2,0,3,6,0,0,6,32,0,1,0,NULL
deverra01,"Rafael Devers",BOS,AL,3B,141,555,84,164,42,1,27,88,3,1,50,114,6,3,11,NULL
diazal02,"Aledmys Díaz",HOU,AL,LF,92,305,35,74,13,0,12,38,1,1,18,53,2,2,0,NULL
diazel01,"Elias Diaz",COL,NL,C,105,351,29,80,18,2,9,51,0,1,25,82,2,3,0,NULL
diazjo03,"Jordan Diaz",OAK,AL,2B,15,49,3,13,3,0,0,1,0,0,2,7,0,0,0,NULL
diazle01,"Lewin Diaz",MIA,NL,1B,58,160,12,27,4,0,5,11,1,0,11,54,1,2,0,NULL
diazya01,"Yandy Díaz",TBR,AL,3B,137,473,71,140,33,0,9,57,3,3,78,60,6,1,2,NULL
diazya02,"Yainer Diaz",HOU,AL,C,6,8,0,1,1,0,0,1,0,0,1,2,0,0,0,NULL
diazyu01,"Yusniel Diaz",BAL,AL,RF,1,1,0,0,0,0,0,0,0,0,0,1,0,0,0,NULL
dickeal01,"Alex Dickerson",ATL,NL,RF,13,33,3,4,0,0,1,2,0,0,3,9,0,0,0,NULL
dickeco01,"Corey Dickerson",STL,NL,LF,96,281,28,75,17,1,6,36,0,0,12,48,2,2,1,NULL
difowi01,"Wilmer Difo",ARI,NL,SS,3,6,0,0,0,0,0,0,0,0,0,1,0,0,0,NULL
dixonbr01,"Brandon Dixon",SDP,NL,3B,5,14,1,3,1,0,0,1,0,0,0,5,0,0,0,NULL
donaljo02,"Josh Donaldson",NYY,AL,3B,132,478,59,106,28,0,15,62,2,2,54,148,8,6,1,NULL
donovbr01,"Brendan Donovan",STL,NL,2B,126,391,64,110,21,1,5,45,2,3,60,70,14,2,1,NULL
downsje01,"Jeter Downs",BOS,AL,2B,14,39,4,6,1,0,1,4,0,0,1,21,0,1,0,NULL
doziehu01,"Hunter Dozier",KCR,AL,1B,128,462,51,109,26,4,12,41,4,3,34,125,3,1,0,NULL
drurybr01,"Brandon Drury",TOT,NL,3B,138,518,87,136,31,2,28,87,2,3,38,126,8,4,0,NULL
dubonma01,"Mauricio Dubon",TOT,MLB,CF,104,243,31,52,9,0,5,24,2,3,13,30,1,5,0,NULL
duffyma01,"Matt Duffy",LAA,AL,3B,77,228,14,57,8,0,2,16,0,0,17,50,2,0,0,NULL
duggast01,"Steven Duggar",TOT,MLB,CF,29,72,7,11,3,1,0,4,5,1,7,41,0,1,0,NULL
dunanjo01,"Joe Dunand",MIA,NL,2B,3,10,2,3,1,0,1,1,0,0,0,3,1,0,0,NULL
duranez01,"Ezequiel Duran",TEX,AL,3B,58,208,25,49,10,1,5,25,4,1,12,54,0,0,0,NULL
duranja01,"Jarren Duran",BOS,AL,CF,58,204,23,45,14,3,3,17,7,1,14,63,4,1,0,NULL
duvalad01,"Adam Duvall",ATL,NL,CF,86,287,39,61,16,1,12,36,0,2,21,101,5,2,0,NULL
eatonna01,"Nate Eaton",KCR,AL,RF,44,106,16,28,4,3,1,12,11,1,10,30,2,3,0,NULL
edmanto01,"Tommy Edman",STL,NL,2B,153,577,95,153,31,4,13,57,32,3,46,111,5,1,2,NULL
ellisdr01,"Drew Ellis",TOT,MLB,3B,7,16,2,3,1,0,0,1,0,0,1,7,0,0,0,NULL
encarje01,"Jerar Encarnacion",MIA,NL,LF,23,77,7,14,3,0,3,14,2,0,3,32,0,1,0,NULL
engelad01,"Adam Engel",CHW,AL,CF,119,245,32,55,13,1,2,17,12,4,11,76,4,0,1,NULL
escobal02,"Alcides Escobar",WSN,NL,SS,40,124,12,27,4,2,0,8,1,1,5,32,2,0,0,NULL
escobed01,"Eduardo Escobar",NYM,NL,3B,136,495,58,119,26,4,20,69,0,2,40,129,1,6,3,NULL
espinsa01,"Santiago Espinal",TOR,AL,2B,135,449,51,120,25,0,7,51,6,6,36,68,2,3,1,NULL
estrath01,"Thairo Estrada",SFG,NL,2B,140,488,71,127,22,2,14,62,21,6,33,89,14,5,0,NULL
faircst01,"Stuart Fairchild",TOT,MLB,LF,46,97,14,24,4,1,5,6,0,2,8,34,5,0,0,NULL
farmeky01,"Kyle Farmer",CIN,NL,SS,145,526,58,134,25,1,14,78,4,3,33,99,16,6,0,NULL
felicma01,"Mario Feliciano",MIL,NL,C,2,4,0,1,0,0,0,0,0,0,1,1,0,0,0,NULL
fermifr01,"Freddy Fermin",KCR,AL,C,3,7,1,0,0,0,0,0,0,1,0,3,0,0,0,NULL
fletcda02,"David Fletcher",LAA,AL,2B,61,216,20,55,9,1,2,17,1,0,7,16,3,0,0,NULL
florewi01,"Wilmer Flores",SFG,NL,2B,151,525,72,120,28,1,19,71,0,0,59,103,11,7,1,NULL
flories01,"Estevan Florial",NYY,AL,CF,17,31,4,3,0,0,0,1,2,0,3,13,1,0,0,NULL
fordmi01,"Mike Ford",TOT,MLB,1B,50,131,9,27,5,0,3,10,0,0,17,40,1,0,0,NULL
forteni01,"Nick Fortes",MIA,NL,C,72,217,41,50,6,1,9,24,5,3,18,45,5,0,0,NULL
foxlu01,"Lucius Fox",WSN,NL,SS,10,25,2,2,0,0,0,2,1,0,1,9,0,0,0,NULL
fraleja01,"Jake Fraley",CIN,NL,LF,68,216,33,56,9,0,12,28,4,1,26,54,3,2,1,NULL
francma02,"Maikel Franco",WSN,NL,3B,103,371,31,85,15,0,9,39,1,0,12,75,2,3,0,NULL
francty01,"Ty France",SEA,AL,1B,140,551,65,151,27,1,20,83,0,0,35,94,21,5,3,NULL
francwa01,"Wander Franco",TBR,AL,SS,83,314,46,87,20,3,6,33,8,0,26,33,0,4,1,NULL
fraziad01,"Adam Frazier",SEA,AL,2B,156,541,61,129,22,4,3,42,11,6,46,73,5,6,1,NULL
frazicl01,"Jackson Frazier",CHC,NL,LF,19,37,4,8,3,0,0,1,1,0,7,11,1,0,0,NULL
freemfr01,"Freddie Freeman",LAD,NL,1B,159,612,117,199,47,2,21,100,13,3,84,102,5,7,12,NULL
freemty01,"Tyler Freeman",CLE,AL,3B,24,77,9,19,3,0,0,3,1,0,4,11,4,1,0,NULL
friedtj01,"TJ Friedl",CIN,NL,LF,72,225,33,54,10,5,8,25,7,2,20,40,7,6,0,NULL
gallaca01,"Cam Gallagher",KCR,AL,C,18,42,1,9,5,0,0,5,0,0,3,13,0,0,0,NULL
gallojo01,"Joey Gallo",TOT,MLB,LF,126,350,48,56,8,2,19,47,3,0,56,163,3,1,0,NULL
gamelbe01,"Ben Gamel",PIT,NL,LF,115,371,42,86,20,2,9,46,5,1,48,98,3,1,2,NULL
garciad02,"Adolis García",TEX,AL,RF,156,605,88,151,34,5,27,101,25,6,40,183,6,6,2,NULL
garciar01,"Aramis Garcia",CIN,NL,C,47,108,6,23,2,0,1,4,0,1,3,34,2,0,0,NULL
garciav01,"Avisail Garcia",MIA,NL,RF,98,357,31,80,9,0,8,35,4,0,17,109,4,2,0,NULL
garcide02,"Dermis Garcia",OAK,AL,1B,39,116,13,24,6,0,5,20,0,0,8,55,1,0,0,NULL
garcijo02,"Jose Barrero",CIN,NL,SS,48,165,13,25,3,0,2,10,4,1,9,76,0,0,0,NULL
garcile02,"Leury Garcia",CHW,AL,2B,97,300,38,63,8,0,3,20,2,0,7,65,3,3,0,NULL
garcilu04,"Luis Garcia",WSN,NL,SS,93,360,29,99,23,2,7,45,3,4,11,84,1,4,1,NULL
garcima01,"Maikel Garcia",KCR,AL,SS,9,22,1,7,1,0,0,2,0,0,1,5,0,0,0,NULL
garliky01,"Kyle Garlick",MIN,AL,LF,66,150,23,35,3,0,9,18,0,0,8,48,3,1,0,NULL
garnedu01,"Dustin Garneau",DET,AL,C,8,10,1,3,1,0,0,1,0,0,1,4,0,0,0,NULL
garrest01,"Stone Garrett",ARI,NL,LF,27,76,13,21,8,0,4,10,3,1,3,27,1,1,0,NULL
garvemi01,"Mitch Garver",TEX,AL,C,54,188,23,39,7,0,10,24,1,1,23,53,2,2,0,NULL
gimenan01,"Andres Gimenez",CLE,AL,2B,146,491,66,146,26,3,17,69,20,3,34,112,25,3,4,NULL
godoyjo01,"Jose Godoy",TOT,MLB,C,10,20,3,1,0,0,0,1,0,0,2,9,0,0,0,NULL
goldspa01,"Paul Goldschmidt",STL,NL,1B,151,561,106,178,41,0,35,115,7,0,79,141,5,4,1,NULL
gomesya01,"Yan Gomes",CHC,NL,C,86,277,23,65,12,0,8,31,2,0,8,47,3,4,0,NULL
gonzaer01,"Erik Gonzalez",MIA,NL,SS,16,37,4,7,1,0,0,3,1,0,4,12,0,0,0,NULL
gonzalu03,"Luis Gonzalez",SFG,NL,RF,98,311,31,79,17,2,4,36,10,2,30,75,4,5,1,NULL
gonzama01,"Marwin Gonzalez",NYY,AL,RF,85,184,20,34,7,0,6,18,3,0,14,54,4,2,0,NULL
gonzaos01,"Oscar Gonzalez",CLE,AL,RF,91,362,39,107,27,0,11,43,1,2,15,75,3,2,2,NULL
gonzaro01,"Romy Gonzalez",CHW,AL,2B,32,105,15,25,4,1,2,11,0,1,2,39,1,1,0,NULL
goodrni01,"Niko Goodrum",HOU,AL,2B,15,43,2,5,2,0,0,1,1,0,2,23,0,0,0,NULL
gordode01,"Dee Strange-Gordon",WSN,NL,SS,22,59,6,18,1,1,0,2,3,2,0,8,0,0,0,NULL
gordoni01,"Nick Gordon",MIN,AL,LF,136,405,45,110,28,4,9,50,6,4,19,105,10,6,1,NULL
gorete01,"Terrance Gore",NYM,NL,CF,10,7,1,1,0,0,0,0,3,0,0,3,0,0,0,NULL
gormano01,"Nolan Gorman",STL,NL,2B,89,283,44,64,13,0,14,35,1,0,28,103,2,0,0,NULL
gosseph01,"Phil Gosselin",TOT,MLB,3B,34,74,6,11,0,1,0,2,0,0,2,24,1,0,0,NULL
gourryu01,"Yuli Gurriel",HOU,AL,1B,146,545,53,132,40,0,8,53,8,0,30,73,6,3,0,NULL
grandya01,"Yasmani Grandal",CHW,AL,C,99,327,15,66,7,0,5,27,1,0,45,79,2,2,1,NULL
greenri03,"Riley Greene",DET,AL,CF,93,376,46,95,18,4,5,42,1,4,36,120,3,3,0,NULL
gregodi01,"Didi Gregorius",PHI,NL,SS,63,214,17,45,9,4,1,19,1,0,13,36,3,2,0,NULL
greingr01,"Grayson Greiner",ARI,NL,C,2,6,0,1,0,0,0,0,0,0,2,3,0,0,0,NULL
grichra01,"Randal Grichuk",COL,NL,RF,140,506,60,131,21,3,19,73,4,0,24,127,6,2,0,NULL
grishtr01,"Trent Grisham",SDP,NL,CF,152,451,58,83,16,2,17,53,7,1,57,150,7,2,1,NULL
grissva01,"Vaughn Grissom",ATL,NL,2B,41,141,24,41,6,0,5,18,5,2,11,34,3,1,1,NULL
groshjo01,"Jordan Groshans",MIA,NL,3B,17,61,9,16,0,0,1,2,0,0,4,13,0,0,0,NULL
grossro01,"Robbie Grossman",TOT,MLB,LF,129,411,40,86,19,1,7,45,6,2,56,129,6,4,0,NULL
guerrvl02,"Vladimir Guerrero Jr.",TOR,AL,1B,160,638,90,175,35,0,32,97,8,3,58,116,6,4,6,NULL
guilllu01,"Luis Guillorme",NYM,NL,2B,102,297,33,81,12,1,2,17,1,0,34,46,2,0,1,NULL
gurrilo01,"Lourdes Gurriel Jr.",TOR,AL,LF,121,453,52,132,32,1,5,52,3,4,31,83,6,2,1,NULL
guthrda01,"Dalton Guthrie",PHI,NL,RF,14,21,3,7,0,0,1,5,1,0,6,7,1,0,0,NULL
gutieke01,"Kelvin Gutierrez",BAL,AL,3B,12,28,2,4,1,0,0,3,1,0,4,8,0,0,0,NULL
guzmaro01,"Ronald Guzman",NYY,AL,1B,3,6,0,0,0,0,0,0,0,0,0,5,0,0,0,NULL
haaseer01,"Eric Haase",DET,AL,C,110,323,41,82,17,1,14,44,0,0,24,97,1,3,1,NULL
hagerja01,"Jake Hager",ARI,NL,2B,28,50,4,12,2,0,0,3,0,0,8,17,0,0,0,NULL
haggesa01,"Sam Haggerty",SEA,AL,RF,83,176,29,45,9,1,5,23,13,1,18,53,4,2,3,NULL
hallda02,"Darick Hall",PHI,NL,1B,41,136,19,34,8,1,9,16,0,0,5,44,1,0,0,NULL
hamilbi02,"Billy Hamilton",TOT,MLB,CF,37,20,13,1,0,0,0,0,10,1,2,12,0,0,0,NULL
hamilca01,"Caleb Hamilton",MIN,AL,C,22,18,5,1,0,0,1,1,0,0,4,14,0,0,0,NULL
hampsga01,"Garrett Hampson",COL,NL,CF,90,199,29,42,7,3,2,15,12,2,21,63,1,2,0,NULL
hanigmi01,"Mitch Haniger",SEA,AL,RF,57,224,31,55,8,0,11,34,0,0,20,65,1,2,1,NULL
happia01,"Ian Happ",CHC,NL,LF,158,573,72,155,42,2,17,72,9,4,58,149,6,4,4,NULL
harpebr03,"Bryce Harper",PHI,NL,RF,99,370,63,106,28,1,18,65,11,4,46,87,3,7,9,NULL
harrijo05,"Josh Harrison",CHW,AL,2B,119,386,50,99,19,2,7,27,2,1,21,71,14,2,0,NULL
harrimi04,"Michael Harris",ATL,NL,CF,114,414,75,123,27,3,19,64,20,2,21,107,5,0,0,NULL
harrimo01,"Monte Harrison",LAA,AL,LF,9,11,5,2,0,0,1,3,1,0,2,8,1,0,0,NULL
haselad01,"Adam Haseley",CHW,AL,RF,14,21,4,5,0,0,0,2,0,0,3,7,0,0,0,NULL
hayeske01,"Ke'Bryan Hayes",PIT,NL,3B,136,505,55,123,24,3,7,41,20,5,48,122,5,2,0,NULL
haysau01,"Austin Hays",BAL,AL,LF,145,535,66,134,35,2,16,60,2,4,34,114,10,3,0,NULL
hedgeau01,"Austin Hedges",CLE,AL,C,105,294,26,48,4,0,7,30,2,0,25,78,6,3,0,NULL
heimjo01,"Jonah Heim",TEX,AL,C,127,406,51,92,20,1,16,48,2,0,41,87,1,2,0,NULL
heinety01,"Tyler Heineman",TOT,MLB,C,62,157,16,34,8,0,0,9,1,0,8,17,5,0,0,NULL
hendegu01,"Gunnar Henderson",BAL,AL,3B,34,116,12,30,7,1,4,18,1,1,16,34,0,0,1,NULL
henrypa01,"Payton Henry",MIA,NL,C,15,28,2,4,0,0,0,4,0,0,5,8,2,0,0,NULL
henslda01,"David Hensley",HOU,AL,2B,16,29,7,10,2,1,1,5,0,0,5,6,0,0,0,NULL
heredgu01,"Guillermo Heredia",ATL,NL,lF,74,76,12,12,3,1,3,8,0,0,6,32,0,0,0,NULL
hermomi01,"Michael Hermosillo",CHC,NL,CF,31,61,7,7,2,0,0,4,1,0,7,27,4,0,0,NULL
hernace02,"Cesar Hernandez",WSN,NL,2B,147,560,64,139,28,4,1,34,10,4,45,114,7,2,0,NULL
hernael02,"Elier Hernandez",TEX,AL,LF,14,33,4,6,2,0,0,3,0,0,1,15,0,1,0,NULL
hernaen02,"Enrique Hernandez",BOS,AL,CF,93,361,48,80,24,0,6,45,0,2,34,71,3,4,0,NULL
hernate01,"Teoscar Hernandez",TOR,AL,RF,131,499,71,133,35,1,25,77,6,3,34,152,2,0,0,NULL
hernaya01,"Yadiel Hernández",WSN,NL,LF,94,305,30,82,16,0,9,41,2,1,19,74,1,2,0,NULL
hernayo02,"Yonny Hernandez",ARI,NL,3B,12,24,2,2,0,0,0,0,2,0,2,4,0,0,0,NULL
herreiv01,"Ivan Herrera",STL,NL,C,11,18,0,2,0,0,0,1,0,0,2,8,0,1,0,NULL
herrejo04,"Jose Herrera",ARI,NL,C,47,111,9,21,2,0,0,5,0,0,9,34,0,0,0,NULL
herreod01,"Odubel Herrera",PHI,NL,CF,62,185,23,44,9,1,5,21,6,0,11,42,0,1,0,NULL
heywaja01,"Jason Heyward",CHC,NL,CF,48,137,15,28,5,1,1,10,1,0,11,32,3,0,0,NULL
hicklbr01,"Brewer Hicklen",KCR,AL,LF,6,4,1,0,0,0,0,0,0,0,0,4,0,0,0,NULL
hicksaa01,"Aaron Hicks",NYY,AL,CF,130,384,54,83,9,2,8,40,10,3,62,109,4,2,3,NULL
higasky01,"Kyle Higashioka",NYY,AL,C,83,229,27,52,7,0,10,31,0,1,12,52,1,4,0,NULL
higgipj01,"P.J. Higgins",CHC,NL,1B,74,201,23,46,11,1,6,30,0,0,22,58,2,1,0,NULL
hillde01,"Derek Hill",DET,AL,CF,31,83,8,19,2,0,1,3,3,0,5,28,0,1,0,NULL
hillisa01,"Sam Hilliard",COL,NL,LF,70,174,26,32,6,1,2,14,5,1,23,57,1,2,0,NULL
hiurake01,"Keston Hiura",MIL,NL,1B,80,234,34,53,8,1,14,32,5,2,23,111,8,1,0,NULL
hoernni01,"Nico Hoerner",CHC,NL,SS,135,481,60,135,22,5,10,55,20,2,28,57,6,2,4,NULL
hoskirh01,"Rhys Hoskins",PHI,NL,1B,156,589,81,145,33,2,30,79,2,1,72,169,6,4,0,NULL
hosmeer01,"Eric Hosmer",TOT,MLB,1B,104,380,38,102,19,0,8,44,0,0,37,64,1,1,5,NULL
huffsa01,"Sam Huff",TEX,AL,C,44,121,9,29,4,0,4,10,1,0,11,42,0,0,1,NULL
hummeco01,"Cooper Hummel",ARI,NL,LF,66,176,20,31,8,3,3,17,4,1,23,64,1,1,0,NULL
ibanean01,"Andy Ibáñez",TEX,AL,3B,40,119,13,26,4,0,1,9,3,0,9,21,0,0,0,NULL
iglesjo01,"José Iglesias",COL,NL,SS,118,439,48,128,30,0,3,47,2,3,17,56,8,3,0,NULL
inciaen01,"Ender Inciarte",NYM,NL,LF,11,8,1,1,0,0,0,0,0,0,0,0,0,0,0,NULL
indiajo01,"Jonathan India",CIN,NL,2B,103,386,48,96,16,2,10,41,3,4,31,94,14,0,1,NULL
isbelky01,"Kyle Isbel",KCR,AL,RF,106,256,32,54,10,4,5,28,9,6,16,75,3,2,0,NULL
jacksal02,"Alex Jackson",MIL,NL,C,5,12,0,3,0,0,0,0,0,0,0,7,0,0,0,NULL
jacksdr01,"Drew Jackson",OAK,AL,RF,3,3,0,0,0,0,0,0,0,0,0,1,0,0,0,NULL
jankotr01,"Travis Jankowski",TOT,MLB,LF,44,55,11,9,0,0,0,2,3,0,8,10,1,0,0,NULL
janseda01,"Danny Jansen",TOR,AL,C,72,215,34,56,10,0,15,44,1,0,25,44,3,5,1,NULL
jeffery01,"Ryan Jeffers",MIN,AL,C,67,212,25,44,10,1,7,27,0,0,23,62,0,0,0,NULL
jimenel02,"Eloy Jiménez",CHW,AL,LF,84,292,40,86,12,0,16,54,0,0,28,72,3,4,0,NULL
joeco01,"Connor Joe",COL,NL,LF,111,404,56,96,20,4,7,28,6,2,55,97,7,1,0,NULL
johnsbr03,"Bryce Johnson",SFG,NL,CF,11,18,1,2,0,0,0,2,0,0,1,7,0,0,0,NULL
jonesno01,"Nolan Jones",CLE,AL,RF,28,86,10,21,5,0,2,13,0,0,8,31,0,0,1,NULL
jonesta01,"Taylor Jones",HOU,AL,1B,1,1,0,0,0,0,0,0,0,0,0,0,0,0,0,NULL
judgeaa01,"Aaron Judge",NYY,AL,CF,157,570,133,177,28,0,62,131,16,3,111,175,6,5,19,NULL
jungjo01,"Josh Jung",TEX,AL,3B,26,98,9,20,4,1,5,14,2,0,4,39,0,0,0,NULL
katohgo01,"Gosuke Katoh",TOR,AL,1B,8,7,2,1,1,0,0,0,0,0,3,1,0,0,0,NULL
kelenja01,"Jarred Kelenic",SEA,AL,CF,54,163,20,23,5,1,7,17,5,2,16,61,1,1,0,NULL
kellyca02,"Carson Kelly",ARI,NL,C,104,317,40,67,18,0,7,35,2,0,29,71,4,4,0,NULL
kempto01,"Tony Kemp",OAK,AL,2B,147,497,61,117,24,2,7,46,11,1,45,69,8,3,0,NULL
kennebu01,"Buddy Kennedy",ARI,NL,2B,30,83,10,18,2,2,1,12,0,0,8,23,1,2,0,NULL
keplema01,"Max Kepler",MIN,AL,RF,115,388,54,88,18,1,9,43,3,2,49,66,5,4,1,NULL
kiermke01,"Kevin Kiermaier",TBR,AL,CF,63,206,28,47,8,0,7,22,6,1,14,61,1,0,0,NULL
kimha01,"Ha-Seong Kim",SDP,NL,SS,150,517,58,130,29,3,11,59,12,2,51,100,7,4,0,NULL
kineris01,"Isiah Kiner-Falefa",NYY,AL,SS,142,483,66,126,20,0,4,48,22,4,35,72,5,5,2,NULL
kingesc01,"Scott Kingery",PHI,NL,2B,1,0,0,0,0,0,0,0,0,0,0,0,0,0,0,NULL
kirilal01,"Alex Kirilloff",MIN,AL,LF,45,144,14,36,7,0,3,21,0,0,5,36,4,2,0,NULL
kirkal01,"Alejandro Kirk",TOR,AL,C,139,470,59,134,19,0,14,63,0,0,63,58,4,4,2,NULL
knappan01,"Andrew Knapp",TOT,MLB,C,16,39,4,5,1,0,0,4,0,0,5,12,1,1,0,NULL
kniznan01,"Andrew Knizner",STL,NL,C,96,260,28,56,10,0,4,25,0,1,26,62,6,0,0,NULL
kolozma01,"Mark Kolozsvary",CIN,NL,C,10,20,3,4,2,0,1,3,0,0,1,9,0,0,0,NULL
kreidry01,"Ryan Kreidler",DET,AL,3B,26,73,8,13,1,0,1,6,0,1,6,22,1,2,0,NULL
krizaja01,"Jason Krizan",SFG,NL,LF,3,8,0,1,0,0,0,0,0,0,2,3,0,0,0,NULL
kwanst01,"Steven Kwan",CLE,AL,LF,147,563,89,168,25,7,6,52,19,5,62,60,7,4,2,NULL
lagarju01,"Juan Lagares",LAA,AL,RF,20,60,4,11,2,1,0,0,0,0,2,15,0,0,0,NULL
lambja01,"Jake Lamb",TOT,MLB,LF,41,97,13,21,6,1,3,6,0,1,11,38,3,0,0,NULL
langesh01,"Shea Langeliers",OAK,AL,C,40,142,14,31,10,1,6,22,0,0,9,53,0,2,0,NULL
larnatr01,"Trevor Larnach",MIN,AL,LF,51,160,22,37,13,0,5,18,0,0,18,57,0,2,1,NULL
larseja01,"Jack Larsen",SEA,AL,RF,1,1,0,0,0,0,0,0,0,0,0,1,0,0,0,NULL
lasteto01,"Tommy La Stella",SFG,NL,3B,60,180,17,43,14,0,2,14,0,0,11,30,1,3,0,NULL
laurera01,"Ramon Laureano",OAK,AL,RF,94,346,49,73,18,0,13,34,11,6,25,104,12,0,0,NULL
lavasbr01,"Bryan Lavastida",CLE,AL,C,6,12,0,1,0,0,0,0,0,0,3,4,0,0,0,NULL
leblach01,"Charles Leblanc",MIA,NL,2B,48,156,18,41,10,0,4,11,4,2,12,53,1,0,0,NULL
leekh01,"Khalil Lee",NYM,NL,CF,2,2,1,1,0,0,1,3,0,0,0,0,0,0,0,NULL
leeko01,"Korey Lee",HOU,AL,C,12,25,1,4,2,0,0,4,0,0,1,9,0,0,0,NULL
lemahdj01,"DJ LeMahieu",NYY,AL,3B,125,467,74,122,18,0,12,46,4,3,67,71,4,2,0,NULL
leonsa01,"Sandy Leon",TOT,AL,C,33,71,6,12,3,0,0,4,0,0,13,27,0,0,0,NULL
lestejo02,"Josh Lester",DET,AL,3B,2,5,0,0,0,0,0,0,0,0,0,3,0,0,0,NULL
lewisky01,"Kyle Lewis",SEA,AL,RF,18,56,6,8,0,0,3,5,0,0,5,19,1,0,0,NULL
lewisro02,"Royce Lewis",MIN,AL,SS,12,40,5,12,4,0,2,5,0,0,1,5,0,0,0,NULL
liberlu01,"Luis Liberato",SDP,NL,CF,7,5,0,0,0,0,0,0,0,0,0,3,0,0,0,NULL
lindofr01,"Francisco Lindor",NYM,NL,SS,161,630,98,170,25,5,26,107,16,6,59,133,10,7,2,NULL
locasti01,"Tim Locastro",NYY,AL,LF,38,43,13,8,1,0,2,4,8,2,2,7,1,0,0,NULL
longoev01,"Evan Longoria",SFG,NL,3B,89,266,31,65,13,0,14,42,0,0,27,83,2,3,2,NULL
lopesch01,"Christian Lopes",OAK,AL,2B,4,9,0,0,0,0,0,0,0,0,1,5,0,0,0,NULL
lopezal03,"Alejo Lopez",CIN,NL,2B,59,145,15,38,5,1,1,10,3,1,9,21,2,0,1,NULL
lopezni01,"Nicky Lopez",KCR,AL,2B,141,436,51,99,12,4,0,20,13,3,29,63,4,1,0,NULL
lopezot01,"Otto Lopez",TOR,AL,SS,8,9,0,6,0,0,0,3,0,1,1,1,0,0,0,NULL
lowebr01,"Brandon Lowe",TBR,AL,2B,65,235,31,52,10,2,8,25,1,0,27,61,3,1,0,NULL
lowejo01,"Josh Lowe",TBR,AL,RF,52,181,24,40,12,2,2,13,3,0,15,66,1,0,1,NULL
lowena01,"Nathaniel Lowe",TEX,AL,1B,157,593,74,179,26,3,27,76,2,2,48,147,4,0,2,NULL
lowrije01,"Jed Lowrie",OAK,AL,1B,50,167,14,30,5,0,3,16,1,0,15,39,0,2,0,NULL
luplojo01,"Jordan Luplow",ARI,NL,RF,83,205,26,36,5,0,11,28,5,1,25,60,3,1,1,NULL
luxga01,"Gavin Lux",LAD,NL,2B,129,421,66,116,20,7,6,42,7,2,47,95,0,3,0,NULL
machadi01,"Dixon Machado",SFG,NL,SS,5,15,1,3,0,0,0,0,0,0,1,5,1,0,0,NULL
machama01,"Manny Machado",SDP,NL,3B,150,578,100,172,37,1,32,102,9,1,63,133,1,2,10,NULL
machivi01,"Vimael Machin",OAK,AL,3B,73,223,26,49,12,0,1,13,1,1,25,47,2,3,0,NULL
mackida01,"David MacKinnon",TOT,AL,1B,22,50,2,7,0,0,0,6,0,0,6,17,0,1,0,NULL
madribl01,"Bligh Madris",PIT,NL,RF,39,113,10,20,7,0,1,7,2,1,10,31,0,0,0,NULL
madrini01,"Nick Madrigal",CHC,NL,2B,59,209,19,52,7,0,0,7,3,1,14,27,3,0,0,NULL
mailelu01,"Luke Maile",CLE,AL,C,76,181,19,40,10,0,3,17,0,0,19,54,3,3,0,NULL
maldoma01,"Martin Maldonado",HOU,AL,C,113,344,40,64,12,0,15,45,0,0,22,116,7,2,0,NULL
mancitr01,"Trey Mancini",TOT,AL,1B,143,519,56,124,23,1,18,63,0,0,53,135,10,5,2,NULL
marcatu01,"Tucupita Marcano",PIT,NL,LF,49,160,18,33,6,2,2,13,2,1,10,44,1,1,0,NULL
margoma01,"Manuel Margot",TBR,AL,RF,89,336,36,92,18,2,4,47,7,3,24,68,2,1,1,NULL
marisja01,"Jake Marisnick",PIT,NL,CF,31,77,9,18,6,0,2,6,2,1,4,24,0,0,1,NULL
marrede01,"Deven Marrero",NYM,NL,SS,5,6,0,0,0,0,0,0,1,0,0,3,0,0,0,NULL
marshbr02,"Brandon Marsh",TOT,MLB,LF,134,424,49,104,18,4,11,52,10,4,28,158,3,3,1,NULL
marteke01,"Ketel Marte",ARI,NL,2B,137,492,68,118,42,2,12,52,5,1,55,101,6,5,3,NULL
martest01,"Starling Marte",NYM,NL,RF,118,466,76,136,24,5,16,63,18,9,26,97,13,0,0,NULL
martijd02,"J.D. Martinez",BOS,AL,LF,139,533,76,146,43,1,16,62,0,0,52,145,5,5,1,NULL
martiri01,"Richie Martin",BAL,AL,2B,13,30,4,5,0,2,0,3,3,1,3,10,0,0,0,NULL
massemi02,"Michael Massey",KCR,AL,2B,52,173,16,42,9,1,4,17,3,0,9,46,8,2,0,NULL
mastrmi01,"Miles Mastrobuoni",TBR,AL,2B,8,16,1,3,0,0,0,0,1,0,1,6,0,0,0,NULL
mateojo01,"Jorge Mateo",BAL,AL,SS,150,494,63,109,25,7,13,50,35,9,27,147,5,2,0,NULL
mathima01,"Mark Mathias",TOT,MLB,2B,30,81,13,20,3,0,6,20,3,0,9,30,0,1,0,NULL
matijjj01,"J.J. Matijevic",HOU,AL,1B,32,67,7,14,2,0,2,5,1,0,2,25,2,0,0,NULL
matonni01,"Nick Maton",PHI,NL,2B,34,72,13,18,2,1,5,17,0,0,10,29,1,2,0,NULL
mayfija01,"Jack Mayfield",LAA,AL,2B,23,70,8,13,1,1,1,6,1,0,3,17,1,0,0,NULL
mazarno01,"Nomar Mazara",SDP,NL,RF,55,159,16,42,8,0,2,18,0,0,10,40,2,0,0,NULL
mazeipa01,"Patrick Mazeika",NYM,NL,C,24,68,4,13,4,0,1,6,0,0,2,9,0,0,0,NULL
mccanja02,"James McCann",NYM,NL,C,61,174,19,34,6,0,3,18,3,0,11,46,4,2,0,NULL
mccarja02,"Jake McCarthy",ARI,NL,RF,99,321,53,91,16,3,8,43,23,3,23,76,6,1,0,NULL
mccorch01,"Chas McCormick",HOU,AL,LF,119,359,47,88,12,2,14,44,4,3,46,106,1,1,0,NULL
mccutan01,"Andrew McCutchen",MIL,NL,LF,134,515,66,122,25,0,17,69,8,6,57,124,4,4,1,NULL
mcdonmi01,"Mickey McDonald",OAK,AL,CF,4,4,0,0,0,0,0,0,0,0,2,3,0,0,0,NULL
mcguire01,"Reese McGuire",TOT,AL,C,89,249,25,67,14,1,3,22,1,0,12,56,3,3,0,NULL
mckenry01,"Ryan McKenna",BAL,AL,LF,104,156,23,37,10,0,2,11,2,1,11,55,2,1,1,NULL
mckinbi01,"Billy McKinney",OAK,AL,RF,23,52,3,5,1,0,1,4,0,0,4,16,0,1,1,NULL
mckinza01,"Zach McKinstry",TOT,NL,3B,57,166,21,33,6,3,5,14,7,0,16,52,1,0,0,NULL
mcmahry01,"Ryan McMahon",COL,NL,3B,153,529,67,130,23,3,20,67,7,3,60,158,5,3,0,NULL
mcneije01,"Jeff McNeil",NYM,NL,2B,148,533,73,174,39,1,9,62,4,0,40,61,11,5,1,NULL
meadoau01,"Austin Meadows",DET,AL,RF,36,128,9,32,6,2,0,11,0,1,16,17,3,0,0,NULL
mejiafr01,"Francisco Mejia",TBR,AL,C,93,289,32,70,22,0,6,31,0,0,7,65,2,1,0,NULL
melenmj01,"MJ Melendez",KCR,AL,C,129,460,57,100,21,3,18,62,2,3,66,131,1,7,1,NULL
mendida01,"Danny Mendick",CHW,AL,SS,31,97,22,28,4,1,3,15,1,0,7,23,1,0,0,NULL
menesjo01,"Joey Meneses",WSN,NL,1B,56,222,33,72,14,0,13,34,1,0,15,52,1,2,2,NULL
mercaos01,"Oscar Mercado",TOT,MLB,RF,55,121,17,25,6,1,4,16,2,2,5,29,1,1,0,NULL
merceye01,"Yermin Mercedes",SFG,NL,LF,31,73,9,17,5,0,1,8,0,0,9,17,1,0,0,NULL
merriwh01,"Whit Merrifield",TOT,AL,2B,139,504,70,126,28,1,11,58,16,5,38,85,0,8,0,NULL
meyerja02,"Jake Meyers",HOU,AL,CF,52,150,13,34,6,2,1,15,2,1,7,54,2,1,0,NULL
millebr02,"Brad Miller",TEX,AL,LF,81,222,20,47,3,0,7,32,4,2,18,70,0,1,0,NULL
milleow01,"Owen Miller",CLE,AL,1B,130,424,53,103,26,1,6,51,2,0,32,93,7,9,1,NULL
miranjo01,"Jose Miranda",MIN,AL,1B,125,444,45,119,25,0,15,66,1,1,28,91,10,1,0,NULL
mitchca01,"Calvin Mitchell",PIT,NL,RF,69,212,21,48,11,0,5,17,3,1,18,52,0,1,0,NULL
mitchga01,"Garrett Mitchell",MIL,NL,CF,28,61,9,19,3,0,2,9,8,0,6,28,0,0,0,NULL
molinya01,"Yadier Molina",STL,NL,C,78,262,19,56,8,0,5,24,2,0,5,40,2,1,0,NULL
moncayo01,"Yoan Moncada",CHW,AL,3B,104,397,41,84,18,1,12,51,2,0,32,114,2,1,2,NULL
mondera02,"Adalberto Mondesí",KCR,AL,SS,15,50,3,7,0,0,0,3,5,0,4,20,0,0,0,NULL
mondona01,"Nate Mondou",OAK,AL,2B,1,2,0,0,0,0,0,0,0,0,1,1,0,0,0,NULL
moniami01,"Mickey Moniak",TOT,MLB,CF,37,106,13,18,3,1,3,8,1,0,4,44,1,0,0,NULL
monteel01,"Elehuris Montero",COL,NL,3B,53,176,21,41,15,1,6,20,0,0,8,60,1,0,0,NULL
mooredy01,"Dylan Moore",SEA,AL,RF,104,205,41,46,11,2,6,24,21,8,34,75,13,1,2,NULL
moranco01,"Colin Moran",CIN,NL,1B,42,109,11,23,3,0,5,23,0,0,16,30,0,3,0,NULL
morelch01,"Christopher Morel",CHC,NL,CF,113,379,55,89,19,4,16,47,10,7,38,137,3,2,0,NULL
morenga01,"Gabriel Moreno",TOR,AL,C,25,69,10,22,1,0,1,7,0,0,4,8,0,0,0,NULL
motteta01,"Taylor Motter",CIN,NL,3B,2,6,0,1,0,0,0,0,0,0,0,3,0,0,0,NULL
mountry01,"Ryan Mountcastle",BAL,AL,1B,145,555,62,139,28,1,22,85,4,1,43,154,4,7,1,NULL
moustmi01,"Mike Moustakas",CIN,NL,3B,78,252,30,54,12,0,7,25,2,0,24,75,6,3,0,NULL
mullice01,"Cedric Mullins",BAL,AL,CF,156,608,89,157,32,4,16,64,34,10,47,126,9,5,2,NULL
muncyma01,"Max Muncy",LAD,NL,3B,136,464,69,91,22,1,21,69,2,0,90,141,5,6,1,NULL
munozya01,"Yairo Munoz",PHI,NL,2B,29,57,7,12,2,0,3,7,1,0,3,10,0,0,0,NULL
murphse01,"Sean Murphy",OAK,AL,C,148,537,67,134,37,2,18,66,1,0,56,124,13,5,2,NULL
murphto04,"Tom Murphy",SEA,AL,C,14,33,9,10,2,0,1,1,0,0,8,13,0,0,0,NULL
muzzisi01,"Simon Muzziotti",PHI,NL,CF,9,7,0,1,0,0,0,0,0,0,0,2,1,0,0,NULL
myerswi01,"Wil Myers",SDP,NL,RF,77,261,29,68,15,0,7,41,2,1,21,86,1,3,1,NULL
naquity01,"Tyler Naquin",TOT,NL,RF,105,310,47,71,19,4,11,46,4,2,19,93,4,0,2,NULL
narvaom01,"Omar Narvaez",MIL,NL,C,84,262,21,54,12,1,4,23,0,0,29,57,3,1,1,NULL
naylobo01,"Bo Naylor",CLE,AL,C,5,8,0,0,0,0,0,0,0,0,0,5,0,0,0,NULL
naylojo01,"Josh Naylor",CLE,AL,1B,122,449,47,115,28,0,20,79,6,1,38,80,6,5,4,NULL
neusesh01,"Sheldon Neuse",OAK,AL,3B,89,271,25,58,4,2,4,26,6,1,20,80,2,0,0,NULL
nevinty01,"Tyler Nevin",BAL,AL,3B,58,157,17,31,4,0,2,16,0,0,20,46,4,3,0,NULL
newmake01,"Kevin Newman",PIT,NL,2B,78,288,31,79,18,2,2,24,8,2,16,48,2,1,0,NULL
nidoto01,"Tomás Nido",NYM,NL,C,98,284,31,68,15,0,3,28,0,0,14,76,1,2,0,NULL
nimmobr01,"Brandon Nimmo",NYM,NL,CF,151,580,102,159,30,7,16,64,3,2,71,116,16,3,0,NULL
nolaau01,"Austin Nola",SDP,NL,C,110,347,40,87,15,0,4,40,2,1,34,60,6,9,1,NULL
nootbla01,"Lars Nootbaar",STL,NL,RF,108,290,53,66,16,3,14,40,4,1,51,71,1,5,1,NULL
nunezdo01,"Dom Nunez",COL,NL,C,14,33,3,4,1,0,0,2,0,0,6,10,0,2,0,NULL
odorro01,"Rougned Odor",BAL,AL,2B,135,426,49,88,19,3,13,53,6,1,32,109,10,4,1,NULL
ohearry01,"Ryan O'Hearn",KCR,AL,1B,67,134,14,32,6,1,1,16,0,0,8,35,2,1,0,NULL
ohopplo01,"Logan O'Hoppe",LAA,AL,C,5,14,1,4,0,0,0,2,0,0,2,3,0,0,0,NULL
ohtansh01,"Shohei Ohtani",LAA,AL,RF,157,586,90,160,30,6,34,95,11,9,72,161,5,3,14,NULL
okeefbr01,"Brian O'Keefe",SEA,AL,C,2,3,0,1,0,0,0,0,0,0,1,2,0,0,0,NULL
okeych01,"Chris Okey",CIN,NL,C,7,12,3,2,0,0,0,0,0,0,0,5,1,0,0,NULL
olivaed02,"Edward Olivares",KCR,AL,RF,53,161,24,46,8,0,4,15,2,3,10,36,2,1,0,NULL
olsonma02,"Matt Olson",ATL,NL,1B,162,616,86,148,44,0,34,103,0,0,75,170,4,4,6,NULL
oneilty01,"Tyler O'Neill",STL,NL,lF,96,334,56,76,11,1,14,58,14,4,38,103,4,7,0,NULL
ortegra01,"Rafael Ortega",CHC,NL,CF,118,316,35,76,14,1,7,35,12,7,44,74,2,7,2,NULL
outmaja01,"James Outman",LAD,NL,LF,4,13,6,6,2,0,1,3,0,0,2,7,1,0,0,NULL
owingch01,"Chris Owings",BAL,AL,2B,26,56,6,6,2,0,0,0,1,0,10,24,1,0,0,NULL
ozunama01,"Marcell Ozuna",ATL,NL,LF,124,470,56,106,19,0,23,56,2,1,31,122,2,4,0,NULL
pachecr01,"Cristian Pache",OAK,AL,CF,91,241,18,40,5,2,3,18,2,2,15,70,1,0,0,NULL
padloke01,"Kevin Padlo",TOT,MLB,3B,13,33,0,4,1,0,0,3,0,0,1,10,0,0,0,NULL
palacje01,"Jermaine Palacios",MIN,AL,SS,30,70,8,10,0,0,2,6,0,0,4,27,0,2,0,NULL
palacjo01,"Josh Palacios",WSN,NL,RF,29,47,8,10,2,0,0,2,1,0,1,15,1,0,0,NULL
palacri01,"Richie Palacios",CLE,AL,LF,54,112,7,26,6,0,0,10,2,0,9,20,1,1,1,NULL
papiemi01,"Michael Papierski",TOT,NL,C,39,91,7,13,1,0,1,4,0,0,10,26,0,0,0,NULL
paredis01,"Isaac Paredes",TBR,AL,3B,111,331,48,68,16,0,20,45,0,1,44,67,4,2,0,NULL
parkho01,"Hoy Park",PIT,NL,2B,23,51,7,11,2,0,2,6,1,0,4,15,1,2,0,NULL
pasquvi01,"Vinnie Pasquantino",KCR,AL,1B,72,258,25,76,10,0,10,26,1,0,35,34,3,2,1,NULL
paytoma01,"Mark Payton",CHW,AL,LF,8,21,3,3,0,0,0,1,0,0,4,4,0,0,0,NULL
pederjo01,"Joc Pederson",SFG,NL,LF,134,380,57,104,19,3,23,70,3,2,42,100,7,4,3,NULL
pegueli01,"Liover Peguero",PIT,NL,SS,1,3,0,1,0,0,0,0,0,0,1,2,0,0,0,NULL
penaje02,"Jeremy Pena",HOU,AL,SS,136,521,72,132,20,2,22,63,11,2,22,135,6,5,0,NULL
peralda01,"David Peralta",TOT,MLB,LF,134,439,39,110,30,3,12,59,1,3,41,114,4,6,5,NULL
perazos02,"Oswald Peraza",NYY,AL,SS,18,49,8,15,3,0,1,2,2,0,6,9,2,0,0,NULL
perdoge01,"Geraldo Perdomo",ARI,NL,SS,148,431,58,84,10,2,5,40,9,2,50,103,5,2,0,NULL
perezca03,"Carlos Perez",CHW,AL,C,7,18,0,4,2,0,0,2,0,0,0,2,0,0,0,NULL
perezjo02,"Joe Perez",HOU,AL,3B,1,1,0,0,0,0,0,0,0,0,0,1,0,0,0,NULL
perezmi03,"Michael Perez",TOT,NL,C,45,121,10,18,0,0,6,14,1,0,10,32,0,0,0,NULL
perezro02,"Roberto Perez",PIT,NL,C,21,60,8,14,2,0,2,8,0,0,9,25,0,0,0,NULL
perezsa02,"Salvador Perez",KCR,AL,C,114,445,48,113,23,1,23,76,0,0,18,109,7,3,2,NULL
peterja01,"Jace Peterson",MIL,NL,3B,112,288,44,68,14,2,8,34,12,1,33,85,2,3,2,NULL
phamth01,"Tommy Pham",TOT,MLB,LF,144,554,89,131,23,1,17,63,8,3,56,167,7,5,0,NULL
phillbr02,"Brett Phillips",TOT,AL,CF,83,201,22,29,6,0,5,15,7,0,16,94,3,1,0,NULL
pillake01,"Kevin Pillar",LAD,NL,LF,4,12,1,1,1,0,0,0,0,0,1,4,0,0,0,NULL
pinama01,"Manny Pina",ATL,NL,C,5,14,1,2,0,0,0,2,0,0,1,1,1,1,0,NULL
pindech01,"Chad Pinder",OAK,AL,LF,111,361,38,85,18,0,12,42,2,0,14,118,0,2,0,NULL
pinedis01,"Israel Pineda",WSN,NL,C,4,13,1,1,0,0,0,0,0,0,1,7,0,0,0,NULL
pintore02,"Rene Pinto",TBR,AL,C,25,80,5,17,3,0,2,10,0,0,2,35,1,0,0,NULL
piscost01,"Stephen Piscotty",OAK,AL,RF,42,126,12,24,4,0,5,14,2,0,9,48,2,2,1,NULL
plaweke01,"Kevin Plawecki",TOT,AL,C,63,168,15,37,8,0,1,13,0,0,14,32,2,1,0,NULL
plummni01,"Nick Plummer",NYM,NL,RF,14,29,4,4,1,0,2,6,0,0,1,12,1,0,0,NULL
polanjo01,"Jorge Polanco",MIN,AL,2B,104,375,54,88,16,0,16,56,3,3,64,95,2,4,1,NULL
polloaj01,"AJ Pollock",CHW,AL,LF,138,489,61,120,26,1,14,56,3,1,32,98,2,4,0,NULL
prattni01,"Nick Pratto",KCR,AL,1B,49,158,18,29,9,1,7,20,0,0,19,66,1,3,0,NULL
proctfo01,"Ford Proctor",SFG,NL,2B,7,18,3,2,0,0,1,6,0,0,2,3,0,2,0,NULL
profaju01,"Jurickson Profar",SDP,NL,LF,152,575,82,140,36,2,15,58,5,1,73,103,4,3,0,NULL
pujolal01,"Albert Pujols",STL,NL,1B,109,307,42,83,14,0,24,68,1,2,28,55,10,6,1,NULL
quinnro01,"Roman Quinn",TOT,MLB,CF,44,79,15,17,3,2,0,7,4,3,7,36,1,0,0,NULL
quiroes01,"Esteban Quiroz",CHC,NL,2B,14,40,3,11,0,0,0,3,1,1,4,9,2,0,0,NULL
raleica01,"Cal Raleigh",SEA,AL,C,119,370,46,78,20,1,27,63,1,0,38,122,2,5,0,NULL
raleylu01,"Luke Raley",TBR,AL,RF,22,61,7,12,2,0,1,4,0,0,7,24,3,1,0,NULL
ramirha02,"Harold Ramirez",TBR,AL,1B,120,403,46,121,24,0,6,58,3,5,19,72,9,4,1,NULL
ramirjo01,"Jose Ramirez",CLE,AL,3B,157,601,90,168,44,5,29,126,20,7,69,82,6,9,20,NULL
ramoshe02,"Heliot Ramos",SFG,NL,RF,9,20,4,2,0,0,0,0,0,0,2,6,0,0,0,NULL
realmjt01,"J.T. Realmuto",PHI,NL,C,139,504,75,139,26,5,22,84,21,1,41,119,12,5,1,NULL
refsnro01,"Rob Refsnyder",BOS,AL,RF,57,153,25,47,11,0,6,21,1,1,15,46,6,3,0,NULL
reksza01,"Zach Reks",TEX,AL,LF,16,34,3,9,1,0,0,3,0,1,0,10,0,0,0,NULL
rendoan01,"Anthony Rendon",LAA,AL,3B,47,166,15,38,10,0,5,24,2,0,23,35,2,2,0,NULL
renfrhu01,"Hunter Renfroe",MIL,NL,RF,125,474,62,121,23,1,29,72,1,1,39,121,4,3,1,NULL
rengilu01,"Luis Rengifo",LAA,AL,2B,127,489,45,129,22,4,17,52,6,2,17,79,4,0,0,NULL
reyesfr01,"Franmil Reyes",TOT,MLB,RF,118,438,43,97,17,2,14,47,2,1,30,157,2,3,0,NULL
reyespa01,"Pablo Reyes",MIL,NL,SS,5,15,1,4,0,0,0,0,0,0,1,2,0,0,0,NULL
reyesvi01,"Victor Reyes",DET,AL,CF,92,315,27,80,19,3,3,34,2,2,13,77,4,4,0,NULL
reynobr01,"Bryan Reynolds",PIT,NL,CF,145,542,74,142,19,4,27,62,7,3,56,141,14,2,6,NULL
reynoma03,"Matt Reynolds",TOT,NL,2B,93,244,31,60,10,1,3,23,5,0,26,78,1,1,0,NULL
riddljt01,"JT Riddle",CIN,NL,3B,2,4,0,1,0,0,0,0,0,0,0,1,0,0,0,NULL
rileyau01,"Austin Riley",ATL,NL,3B,159,615,90,168,39,2,38,93,2,0,57,168,17,4,1,NULL
riosed01,"Edwin Rios",LAD,NL,1B,27,86,12,21,1,0,7,17,0,1,5,36,1,0,1,NULL
rivasal01,"Alfonso Rivas",CHC,NL,1B,101,251,27,59,5,2,3,25,6,1,29,87,4,2,1,NULL
riverem01,"Emmanuel Rivera",TOT,MLB,3B,102,330,46,77,16,3,12,40,1,2,23,83,5,1,0,NULL
riverse01,"Sebastian Rivero",KCR,AL,C,17,26,2,4,0,0,0,1,0,0,2,10,0,0,0,NULL
rizzoan01,"Anthony Rizzo",NYY,AL,1B,130,465,77,104,21,1,32,75,6,5,58,101,23,2,6,NULL
roberkr01,"Kramer Robertson",STL,NL,SS,2,1,0,0,0,0,0,1,0,0,0,0,0,0,0,NULL
roberlu01,"Luis Robert",CHW,AL,CF,98,380,54,108,18,0,12,56,11,3,17,77,3,1,1,NULL
robinch04,"Chuckie Robinson",CIN,NL,C,25,59,3,8,2,0,2,5,0,0,0,17,0,0,0,NULL
roblevi01,"Victor Robles",WSN,NL,CF,132,366,42,82,10,2,6,33,15,4,17,104,9,4,0,NULL
rodgebr02,"Brendan Rodgers",COL,NL,2B,137,527,72,140,30,3,13,63,0,0,46,101,3,5,0,NULL
rodriju01,"Julio Rodriguez",SEA,AL,CF,132,511,84,145,25,3,28,75,25,7,40,145,8,1,4,NULL
rojasjo01,"Josh Rojas",ARI,NL,3B,125,443,66,119,25,1,9,56,23,3,55,98,2,5,2,NULL
rojasjo02,"Jose Rojas",LAA,AL,3B,22,56,1,7,2,0,0,1,0,0,0,19,1,0,0,NULL
rojasmi02,"Miguel Rojas",MIA,NL,SS,140,471,34,111,19,2,6,36,9,3,26,61,6,3,1,NULL
rominau01,"Austin Romine",TOT,MLB,C,51,129,10,20,3,0,3,9,0,0,4,46,1,0,0,NULL
rookebr01,"Brent Rooker",TOT,MLB,LF,16,32,1,4,1,0,0,2,0,0,3,11,1,0,0,NULL
rosaram01,"Amed Rosario",CLE,AL,SS,153,637,86,180,26,9,11,71,18,4,25,111,4,4,0,NULL
rosared01,"Eddie Rosario",ATL,NL,LF,80,250,27,53,12,1,5,24,3,0,17,68,0,3,0,NULL
rosareg01,"Eguy Rosario",SDP,NL,3B,7,5,0,1,0,0,0,0,0,0,1,2,0,0,0,NULL
rufda01,"Darin Ruf",TOT,NL,1B,118,334,52,68,12,0,11,45,2,0,45,105,6,3,0,NULL
ruizes01,"Esteury Ruiz",TOT,NL,LF,17,35,3,6,1,1,0,2,1,2,1,7,0,0,0,NULL
ruizke01,"Keibert Ruiz",WSN,NL,C,112,394,33,99,22,0,7,36,6,1,30,50,6,2,0,NULL
rutscad01,"Adley Rutschman",BAL,AL,C,113,398,70,101,35,1,13,42,4,0,65,86,4,3,0,NULL
sanchca01,"Yolmer Sanchez",TOT,MLB,2B,17,37,1,4,0,0,0,2,0,2,5,13,0,0,0,NULL
sanchga02,"Gary Sanchez",MIN,AL,C,128,419,42,86,24,0,16,61,2,0,40,136,7,5,0,NULL
sanchje02,"Jesus Sanchez",MIA,NL,CF,98,313,38,67,14,3,13,36,1,0,26,92,3,1,0,NULL
sandsdo01,"Donny Sands",PHI,NL,C,3,3,0,0,0,0,0,0,0,0,1,1,0,0,0,NULL
sanomi01,"Miguel Sano",MIN,AL,1B,20,60,1,5,0,0,1,3,1,0,9,25,1,1,0,NULL
santaan02,"Anthony Santander",BAL,AL,RF,152,574,78,138,24,0,33,89,0,2,55,122,13,5,1,NULL
santaca01,"Carlos Santana",TOT,AL,1B,131,431,52,87,18,0,19,60,0,0,71,88,2,2,2,NULL
schoojo01,"Jonathan Schoop",DET,AL,2B,131,481,48,97,23,1,11,38,5,0,19,107,6,4,1,NULL
schroma01,"Max Schrock",CIN,NL,RF,13,26,1,4,0,0,0,1,0,0,1,6,0,0,0,NULL
schwaky01,"Kyle Schwarber",PHI,NL,LF,155,577,100,126,21,3,46,94,10,1,86,200,4,2,3,NULL
schwifr01,"Frank Schwindel",CHC,NL,1B,75,271,23,62,11,0,8,36,0,0,19,58,0,2,1,NULL
seageco01,"Corey Seager",TEX,AL,SS,151,593,91,145,24,1,33,83,3,0,58,103,7,5,7,NULL
segurje01,"Jean Segura",PHI,NL,2B,98,354,45,98,9,0,10,33,13,6,25,58,7,1,1,NULL
semiema01,"Marcus Semien",TEX,AL,2B,161,657,101,163,31,5,26,83,25,8,53,120,4,10,0,NULL
senzeni01,"Nick Senzel",CIN,NL,CF,110,373,45,86,13,0,5,25,8,5,30,76,5,1,0,NULL
servebr01,"Brian Serven",COL,NL,C,62,187,19,38,4,1,6,16,0,0,13,44,2,1,0,NULL
severpe01,"Pedro Severino",MIL,NL,C,8,18,0,4,2,0,0,1,0,0,3,7,0,0,0,NULL
shawtr01,"Travis Shaw",BOS,AL,1B,7,19,0,0,0,0,0,0,0,0,0,7,0,0,0,NULL
sheetga01,"Gavin Sheets",CHW,AL,RF,124,377,34,91,19,0,15,53,0,0,27,86,3,3,0,NULL
shortza01,"Zack Short",DET,AL,SS,6,9,2,0,0,0,0,2,1,0,2,5,0,2,0,NULL
sianimi01,"Michael Siani",CIN,NL,CF,9,24,1,4,0,0,0,0,0,1,0,7,0,0,0,NULL
sierrma01,"Magneuris Sierra",LAA,AL,CF,45,91,7,15,1,3,0,5,6,1,4,25,0,0,0,NULL
simmoan01,"Andrelton Simmons",CHC,NL,2B,34,75,8,13,1,0,0,7,4,0,7,13,0,0,0,NULL
sirijo01,"Jose Siri",TOT,AL,CF,104,301,53,64,13,2,7,24,14,2,20,108,3,1,0,NULL
slateau01,"Austin Slater",SFG,NL,CF,125,277,49,73,15,2,7,34,12,1,40,89,6,2,0,NULL
smithca05,"Canaan Smith-Njigba",PIT,NL,LF,3,5,1,1,1,0,0,0,0,0,1,0,1,0,0,NULL
smithdo02,"Dominic Smith",NYM,NL,1B,58,134,11,26,10,1,0,17,0,0,12,37,4,2,0,NULL
smithjo11,"Josh Smith",TEX,AL,3B,73,213,23,42,5,0,2,16,4,3,28,50,7,3,0,NULL
smithke05,"Kevin Smith",OAK,AL,3B,47,139,9,25,9,1,2,13,4,0,7,42,0,2,0,NULL
smithpa04,"Pavin Smith",ARI,NL,RF,75,245,24,54,9,0,9,33,1,0,28,67,1,3,1,NULL
smithwi05,"Will Smith",LAD,NL,C,137,508,68,132,26,3,24,87,1,0,56,96,10,4,4,NULL
solakni01,"Nick Solak",TEX,AL,LF,35,82,14,17,1,0,3,4,3,2,7,19,5,0,0,NULL
solando01,"Donovan Solano",CIN,NL,1B,80,278,22,79,16,0,4,24,0,0,19,61,5,2,1,NULL
solerjo01,"Jorge Soler",MIA,NL,LF,72,270,32,56,13,0,13,34,0,2,31,90,3,1,1,NULL
sosaed01,"Edmundo Sosa",TOT,NL,SS,78,176,26,40,11,4,2,21,6,1,5,50,7,1,0,NULL
sosale01,"Lenyn Sosa",CHW,AL,2B,11,35,3,4,1,0,1,1,0,0,1,12,0,0,0,NULL
sotoju01,"Juan Soto",TOT,NL,RF,153,524,93,127,25,2,27,62,6,2,135,96,4,0,6,NULL
sotoli01,"Livan Soto",LAA,AL,SS,18,55,9,22,5,1,1,9,1,1,2,13,0,1,0,NULL
souzast01,"Steven Souza Jr.",SEA,AL,RF,6,19,0,3,0,0,0,1,0,0,0,8,0,0,0,NULL
spangco01,"Cory Spangenberg",STL,NL,3B,1,0,0,0,0,0,0,0,0,0,0,0,0,0,0,NULL
springe01,"George Springer",TOR,AL,CF,133,513,89,137,22,4,25,76,14,2,54,100,7,5,1,NULL
stallja01,"Jacob Stallings",MIA,NL,C,114,346,25,77,12,0,4,34,0,1,29,83,6,2,0,NULL
stantmi03,"Giancarlo Stanton",NYY,AL,LF,110,398,53,84,7,0,31,78,0,0,50,137,0,3,2,NULL
stassma01,"Max Stassi",LAA,AL,C,102,333,32,60,12,1,9,30,0,0,38,112,2,1,0,NULL
steersp01,"Spencer Steer",CIN,NL,3B,28,95,12,20,5,0,2,8,0,1,11,26,2,0,0,NULL
stefami01,"Michael Stefanic",LAA,AL,2B,25,61,5,12,2,0,0,0,0,0,5,12,2,0,0,NULL
stephty01,"Tyler Stephenson",CIN,NL,C,50,166,24,53,9,0,6,35,1,0,12,47,3,2,0,NULL
steveca01,"Cal Stevenson",OAK,AL,CF,23,60,5,10,3,0,0,1,1,1,8,23,0,1,0,NULL
stewadj01,"DJ Stewart",BAL,AL,RF,3,3,0,0,0,0,0,0,0,0,0,2,0,0,0,NULL
storytr01,"Trevor Story",BOS,AL,2B,94,357,53,85,22,0,16,66,13,0,32,122,3,4,4,NULL
stottbr01,"Bryson Stott",PHI,NL,SS,127,427,58,100,19,2,10,49,12,4,36,89,1,1,0,NULL
stoweky01,"Kyle Stowers",BAL,AL,LF,34,91,11,23,4,1,3,11,0,0,5,29,2,0,0,NULL
strawmy01,"Myles Straw",CLE,AL,CF,152,535,72,118,22,3,0,32,21,1,54,87,1,4,0,NULL
stubbga01,"Garrett Stubbs",PHI,NL,C,46,106,19,28,4,1,5,16,2,0,14,30,0,0,0,NULL
suareeu01,"Eugenio Suarez",SEA,AL,3B,150,543,76,128,24,2,31,87,0,0,73,196,8,5,0,NULL
suwinja01,"Jack Suwinski",PIT,NL,LF,106,326,45,66,11,0,19,38,4,2,41,114,4,1,1,NULL
suzukku01,"Kurt Suzuki",LAA,AL,C,51,139,10,25,4,0,4,15,0,0,15,29,2,2,0,NULL
suzukse01,"Seiya Suzuki",CHC,NL,RF,111,397,54,104,22,2,14,46,9,5,42,110,4,3,3,NULL
swaggtr01,"Travis Swaggerty",PIT,NL,LF,5,9,0,1,0,0,0,0,0,0,0,4,0,0,0,NULL
swansda01,"Dansby Swanson",ATL,NL,SS,162,640,99,177,32,1,25,96,18,7,49,182,3,4,0,NULL
tapiara01,"Raimel Tapia",TOR,AL,LF,128,411,47,109,20,3,7,52,8,2,16,81,0,1,0,NULL
taverle01,"Leody Taveras",TEX,AL,CF,99,314,39,82,14,2,5,34,11,5,21,88,2,3,0,NULL
tayloch03,"Chris Taylor",LAD,NL,LF,118,402,45,89,25,3,10,43,10,1,44,160,5,3,2,NULL
taylomi02,"Michael A. Taylor",KCR,AL,CF,124,414,49,105,10,3,9,43,4,2,35,109,2,3,0,NULL
tayloty01,"Tyrone Taylor",MIL,NL,CF,120,373,49,87,21,3,17,51,3,2,22,102,7,3,0,NULL
tellero01,"Rowdy Tellez",MIL,NL,1B,153,529,67,116,23,0,35,89,2,1,62,121,5,3,9,NULL
thaisma01,"Matt Thaiss",LAA,AL,C,29,69,9,15,1,0,2,8,1,0,11,24,0,1,1,NULL
thomaal01,"Alek Thomas",ARI,NL,CF,113,381,45,88,17,1,8,39,4,3,22,74,3,5,0,NULL
thomaco01,"Cody Thomas",OAK,AL,LF,10,30,1,8,0,0,0,0,0,0,2,12,0,0,0,NULL
thomadi01,"Dillon Thomas",LAA,AL,LF,8,11,1,1,0,0,0,0,0,0,2,6,1,0,0,NULL
thomala02,"Lane Thomas",WSN,NL,lF,146,498,62,120,26,2,17,52,8,4,41,132,4,5,0,NULL
thompbu01,"Bubba Thompson",TEX,AL,LF,55,170,18,45,5,0,1,9,18,3,7,56,2,0,0,NULL
thomptr01,"Trayce Thompson",TOT,NL,LF,80,219,36,56,14,1,13,41,4,1,32,93,2,2,0,NULL
toglimi01,"Michael Toglia",COL,NL,RF,31,111,10,24,8,2,2,12,1,1,9,44,0,0,0,NULL
tomka01,"Ka'ai Tom",SFG,NL,RF,1,1,0,0,0,0,0,0,0,0,0,0,0,0,0,NULL
torkesp01,"Spencer Torkelson",DET,AL,1B,110,360,38,73,16,1,8,28,0,1,37,99,5,2,0,NULL
toroab01,"Abraham Toro",SEA,AL,2B,109,324,36,60,13,1,10,35,2,0,22,65,2,4,1,NULL
torregl01,"Gleyber Torres",NYY,AL,2B,140,526,73,135,28,1,24,76,10,5,39,129,3,3,2,NULL
torrelu01,"Luis Torrens",SEA,AL,C,55,151,13,34,2,0,3,15,0,0,12,50,1,2,0,NULL
tovarez01,"Ezequiel Tovar",COL,NL,SS,9,33,2,7,1,0,1,2,0,0,2,9,0,0,0,NULL
trammta01,"Taylor Trammell",SEA,AL,RF,43,102,15,20,9,0,4,10,2,1,13,33,0,1,0,NULL
trejoal01,"Alan Trejo",COL,NL,SS,35,118,15,32,6,0,4,17,1,2,5,31,2,0,0,NULL
trevijo01,"Jose Trevino",NYY,AL,C,115,335,39,83,12,1,11,43,2,1,15,62,2,1,0,NULL
trompch01,"Chadwick Tromp",ATL,NL,C,1,4,0,3,2,0,0,3,0,0,0,0,0,0,0,NULL
troutmi01,"Mike Trout",LAA,AL,CF,119,438,85,124,28,2,40,80,1,0,54,139,6,1,8,NULL
tsutsyo01,"Yoshi Tsutsugo",PIT,NL,1B,50,170,11,29,4,0,2,19,0,0,19,50,0,4,0,NULL
tuckeco01,"Cole Tucker",PIT,NL,RF,18,63,3,11,1,1,0,2,1,0,0,25,0,0,0,NULL
tuckeky01,"Kyle Tucker",HOU,AL,RF,150,544,71,140,28,1,30,107,25,4,59,95,1,2,4,NULL
turneju01,"Justin Turner",LAD,NL,3B,128,468,61,130,36,0,13,81,3,0,50,89,6,8,1,NULL
turnetr01,"Trea Turner",LAD,NL,SS,160,652,101,194,39,4,21,100,27,3,45,131,3,6,1,NULL
uptonju01,"Justin Upton",SEA,AL,RF,17,48,2,6,1,0,1,3,0,0,6,23,3,0,0,NULL
uriaslu01,"Luis Urias",MIL,NL,3B,119,406,54,97,17,1,16,47,1,2,50,99,11,5,0,NULL
uriasra01,"Ramon Urias",BAL,AL,3B,118,403,50,100,17,1,16,51,1,0,30,98,5,4,1,NULL
urshegi01,"Gio Urshela",MIN,AL,3B,144,501,61,143,27,3,13,64,1,0,41,96,2,7,2,NULL
vanmejo01,"Josh VanMeter",PIT,NL,2B,67,171,15,32,5,2,3,14,4,0,19,45,0,2,0,NULL
vargail01,"Ildemaro Vargas",TOT,NL,3B,63,209,19,55,13,1,4,23,3,1,8,23,3,1,0,NULL
vargami01,"Miguel Vargas",LAD,NL,1B,18,47,4,8,1,0,1,8,1,0,2,13,0,1,0,NULL
varshda01,"Daulton Varsho",ARI,NL,RF,151,531,79,125,23,3,27,74,16,6,46,145,7,5,0,NULL
vaughan01,"Andrew Vaughn",CHW,AL,RF,134,510,60,138,28,1,17,76,0,0,31,96,9,5,0,NULL
vavrate01,"Terrin Vavra",BAL,AL,2B,40,89,14,23,2,1,1,12,0,1,12,19,0,2,0,NULL
vazquch01,"Christian Vazquez",TOT,AL,C,119,398,41,109,23,0,9,52,1,4,22,69,3,3,0,NULL
velazan01,"Andrew Velazquez",LAA,AL,SS,125,322,37,63,8,0,9,28,17,1,15,119,3,3,0,NULL
velazne01,"Nelson Velázquez",CHC,NL,CF,77,185,20,38,7,3,6,26,5,2,19,65,2,0,0,NULL
verdual01,"Alex Verdugo",BOS,AL,LF,152,593,75,166,39,1,11,74,1,3,42,86,3,6,2,NULL
vientma01,"Mark Vientos",NYM,NL,3B,16,36,3,6,1,0,1,3,0,0,5,12,0,0,0,NULL
vierlma01,"Matt Vierling",PHI,NL,CF,117,325,41,80,12,2,6,32,7,4,23,70,3,6,0,NULL
villada01,"David Villar",SFG,NL,3B,52,156,21,36,6,1,9,24,0,1,18,58,6,1,0,NULL
villajo01,"Jonathan Villar",TOT,MLB,2B,59,202,25,42,6,2,3,18,7,0,15,59,0,2,0,NULL
vilorme01,"Meibrys Viloria",TEX,AL,C,26,63,10,10,1,0,2,5,0,0,11,29,0,1,0,NULL
vogelda01,"Daniel Vogelbach",TOT,NL,1B,130,386,47,92,19,1,18,59,0,0,73,114,1,1,2,NULL
vogtst01,"Stephen Vogt",OAK,AL,C,70,168,18,27,4,1,7,23,1,0,17,46,2,4,0,NULL
voitlu01,"Luke Voit",TOT,NL,1B,135,500,55,113,22,0,22,69,1,1,55,179,7,6,1,NULL
vosleja01,"Jason Vosler",SFG,NL,3B,36,98,14,26,6,1,4,12,1,1,10,29,2,1,1,NULL
vottojo01,"Joey Votto",CIN,NL,1B,91,322,31,66,18,1,11,41,0,0,44,97,10,0,0,NULL
wadela01,"LaMonte Wade Jr.",SFG,NL,RF,77,217,29,45,7,1,8,26,1,0,26,51,5,1,0,NULL
wadety01,"Tyler Wade",LAA,AL,2B,67,147,22,32,5,0,1,8,8,5,10,33,1,0,0,NULL
walkech02,"Christian Walker",ARI,NL,1B,160,583,84,141,25,2,36,94,2,2,69,131,8,7,2,NULL
walkest01,"Steele Walker",TEX,AL,LF,5,14,1,1,0,0,1,1,0,0,2,4,0,0,0,NULL
wallach01,"Chad Wallach",LAA,AL,C,12,35,3,5,1,0,1,4,0,0,4,9,0,0,0,NULL
wallnma01,"Matt Wallner",MIN,AL,RF,18,57,4,13,3,0,2,10,1,0,6,25,2,0,1,NULL
wallsta01,"Taylor Walls",TBR,AL,SS,142,407,53,70,18,2,8,33,10,3,52,120,2,2,0,NULL
walshja01,"Jared Walsh",LAA,AL,1B,118,423,41,91,18,2,15,44,2,1,27,138,4,0,4,NULL
waltodo01,"Donovan Walton",TOT,MLB,2B,25,76,9,12,8,0,1,8,0,0,1,16,1,0,0,NULL
wardta01,"Taylor Ward",LAA,AL,RF,135,495,73,139,22,2,23,65,5,3,60,120,4,5,0,NULL
waterdr01,"Drew Waters",KCR,AL,RF,32,96,14,23,6,1,5,18,0,0,12,40,0,0,0,NULL
wendljo01,"Joey Wendle",MIA,NL,3B,101,347,27,90,24,1,3,32,12,3,15,50,5,3,0,NULL
whiteaa01,"Aaron Whitefield",LAA,AL,RF,5,11,0,0,0,0,0,0,0,0,0,5,0,0,0,NULL
whiteel04,"Eli White",TEX,AL,CF,47,105,16,21,2,0,3,10,12,1,11,41,0,1,0,NULL
willilu01,"Luke Williams",TOT,NL,3B,79,127,21,30,5,1,1,6,11,4,9,44,0,0,1,NULL
wilsoma02,"Marcus Wilson",SEA,AL,RF,3,5,1,1,0,0,0,0,0,0,1,4,0,0,0,NULL
winkeje01,"Jesse Winker",SEA,AL,LF,136,456,51,100,15,0,14,53,0,0,84,103,4,3,1,NULL
wisdopa01,"Patrick Wisdom",CHC,NL,3B,134,469,67,97,28,0,25,66,8,4,53,183,9,2,1,NULL
wittbo02,"Bobby Witt",KCR,AL,SS,150,591,82,150,31,6,20,80,30,7,30,135,6,5,2,NULL
wolteto01,"Tony Wolters",LAD,NL,2B,2,4,0,0,0,0,0,0,0,0,0,3,0,0,0,NULL
wongco01,"Connor Wong",BOS,AL,C,27,48,8,9,3,0,1,7,0,0,5,16,1,1,0,NULL
wongko01,"Kolten Wong",MIL,NL,2B,134,430,65,108,24,4,15,47,17,6,46,88,14,5,2,NULL
wynnsau01,"Austin Wynns",SFG,NL,C,65,162,14,42,7,0,3,21,0,0,10,38,3,1,0,NULL
yastrmi01,"Mike Yastrzemski",SFG,NL,RF,148,485,73,104,31,2,17,57,5,1,61,141,5,6,0,NULL
yelicch01,"Christian Yelich",MIL,NL,LF,154,575,99,145,25,4,14,57,19,3,88,162,5,2,5,NULL
yepezju01,"Juan Yepez",STL,NL,LF,76,253,27,64,13,0,12,30,0,0,16,61,1,4,0,NULL
youngja02,"Jared Young",CHC,NL,1B,6,19,2,5,2,0,0,0,1,0,3,7,0,0,0,NULL
zavalse01,"Seby Zavala",CHW,AL,C,61,178,22,48,14,0,2,21,0,0,19,64,3,2,0,NULL
zimmebr01,"Bradley Zimmer",TOT,MLB,CF,109,105,18,13,5,0,2,5,3,2,5,45,6,0,0,NULL
zuninmi01,"Mike Zunino",TBR,AL,C,36,115,7,17,3,0,5,16,0,0,6,46,1,1,0,NULL
