id,name,tm,lg,w,l,g,cg,sho,sv,ip,h,er,hr,bb,ibb,so,hbp,roster_id,pos
abbotco01,"Cory Abbott",WSN,NL,0,5,16,0,0,0,48,44,28,12,25,0,45,5,NULL,RP
abreual01,"Albert Abreu",TOT,AL,2,2,33,0,0,0,38.2,35,14,5,22,0,38,3,NULL,RP
abreubr01,"Bryan Abreu",HOU,AL,4,0,55,0,0,2,60.1,45,13,2,26,0,88,4,NULL,RP
acevedo01,"Domingo Acevedo",OAK,AL,4,4,70,0,0,4,67.2,50,25,9,17,4,58,3,NULL,RP
adamja01,"Jason Adam",TBR,AL,2,3,67,0,0,8,63.1,31,11,5,17,2,75,6,NULL,RP
adamsau02,"Austin Adams",SDP,NL,1,0,2,0,0,0,2.1,0,0,0,3,0,2,0,NULL,RP
adonjo01,"Joan Adon",WSN,NL,1,12,14,0,0,0,64.2,76,51,8,39,1,55,6,NULL,SP
akinke01,"Keegan Akin",BAL,AL,3,3,45,0,0,2,81.2,69,29,10,20,0,77,1,NULL,RP
alcaljo01,"Jorge Alcala",MIN,AL,0,0,2,0,0,0,2.1,2,0,0,2,0,2,0,NULL,RP
alcansa01,"Sandy Alcantara",MIA,NL,14,9,32,6,1,0,228.2,174,58,16,50,1,207,9,NULL,SP
alexaja01,"Jason Alexander",MIL,NL,2,3,18,0,0,0,71.2,88,43,12,28,0,46,4,NULL,SP
alexasc02,"Scott Alexander",SFG,NL,0,0,17,0,0,2,17.1,12,2,1,1,0,10,0,NULL,RP
alexaty01,"Tyler Alexander",DET,AL,4,11,27,0,0,0,101,108,54,18,25,1,61,1,NULL,SP
alexyaj01,"A.J. Alexy",TEX,AL,1,1,4,0,0,0,7,10,9,1,9,0,6,0,NULL,RP
allarko01,"Kolby Allard",TEX,AL,1,2,10,0,0,1,21,21,17,9,6,1,19,1,NULL,RP
alldrca01,"Cam Alldred",PIT,NL,0,0,1,0,0,0,1,1,0,0,0,0,1,0,NULL,RP
allenlo01,"Logan Allen",TOT,AL,1,0,7,0,0,0,7.2,12,5,0,5,0,7,1,NULL,RP
almonye01,"Yency Almonte",LAD,NL,0,0,33,0,0,1,35.1,18,4,2,10,1,33,4,NULL,RP
alvarjo02,"Jose Alvarez",SFG,NL,2,1,21,0,0,1,15.1,17,9,3,9,1,15,2,NULL,RP
alvarjo03,"Jose Alvarado",PHI,NL,4,2,59,0,0,2,51,38,18,2,24,4,81,1,NULL,CP
alvarrj01,"R.J. Alvarez",NYM,NL,0,1,1,0,0,0,2.1,4,3,2,3,0,2,0,NULL,RP
alzolad01,"Adbert Alzolay",CHC,NL,2,1,6,0,0,0,13.1,9,5,1,2,0,19,1,NULL,RP
anderch01,"Chase Anderson",CIN,NL,2,4,9,0,0,0,24,17,17,3,15,0,23,3,NULL,SP
anderia01,"Ian Anderson",ATL,NL,10,6,22,0,0,0,111.2,115,62,12,54,0,97,1,NULL,SP
andersh01,"Shaun Anderson",TOR,AL,0,0,1,0,0,0,1,4,2,0,0,0,0,0,NULL,RP
anderty01,"Tyler Anderson",LAD,NL,15,5,30,0,0,0,178.2,145,51,14,34,0,138,9,NULL,SP
appelma01,"Mark Appel",PHI,NL,0,0,6,0,0,0,10.1,9,2,0,3,0,5,0,NULL,RP
aranovi01,"Victor Arano",WSN,NL,1,1,43,0,0,1,42,47,21,5,12,0,44,4,NULL,RP
archech01,"Chris Archer",MIN,AL,2,8,25,0,0,0,102.2,87,52,12,48,0,84,3,NULL,SP
arihako01,"Kohei Arihara",TEX,AL,1,3,5,0,0,0,20,36,21,4,11,0,14,3,NULL,SP
armstsh01,"Shawn Armstrong",TOT,MLB,2,3,50,0,0,2,61.2,66,30,7,17,2,66,4,NULL,RP
ashbyaa01,"Aaron Ashby",MIL,NL,2,10,27,0,0,1,107.1,106,53,15,47,0,126,6,NULL,SP
ashcrgr01,"Graham Ashcraft",CIN,NL,5,6,19,0,0,0,105,119,57,11,30,1,71,8,NULL,SP
assadja01,"Javier Assad",CHC,NL,2,2,9,0,0,0,37.2,35,13,4,20,0,30,0,NULL,SP
avilape01,"Pedro Avila",SDP,NL,0,0,2,0,0,0,4,3,2,1,1,0,5,1,NULL,RP
baezmi01,"Michel Báez",SDP,NL,0,0,2,0,0,0,2,1,0,0,0,0,2,0,NULL,RP
baezpe01,"Pedro Baez",HOU,AL,0,0,3,0,0,0,2.1,5,3,0,3,0,2,0,NULL,RP
bakerbr01,"Bryan Baker",BAL,AL,4,3,66,0,0,1,69.2,60,27,3,26,1,76,3,NULL,RP
bandaan01,"Anthony Banda",TOT,MLB,1,1,32,0,0,0,26.2,43,20,4,13,2,30,2,NULL,RP
banksta01,"Tanner Banks",CHW,AL,2,0,35,0,0,0,53,42,18,5,18,0,49,1,NULL,RP
banuema01,"Manny Banuelos",TOT,MLB,2,1,35,0,0,1,41,32,20,2,21,1,42,3,NULL,RP
bardda01,"Daniel Bard",COL,NL,6,4,57,0,0,34,60.1,35,12,3,25,1,69,3,NULL,CP
bardlu01,"Luke Bard",TOT,AL,1,1,9,0,0,0,15,7,3,0,7,0,8,2,NULL,RP
barkelu01,"Luke Barker",MIL,NL,0,0,3,0,0,0,4,7,5,2,0,0,3,0,NULL,RP
barlojo01,"Joe Barlow",TEX,AL,3,1,35,0,0,13,35,27,15,5,13,0,28,4,NULL,RP
barlosc01,"Scott Barlow",KCR,AL,7,4,69,0,0,24,74.1,52,18,9,22,1,77,3,NULL,CP
barneja01,"Jacob Barnes",TOT,AL,3,1,23,0,0,0,22.1,23,14,3,9,0,12,2,NULL,RP
barnema01,"Matt Barnes",BOS,AL,0,4,44,0,0,8,39.2,36,19,2,21,1,34,3,NULL,RP
barraky01,"Kyle Barraclough",LAA,AL,0,1,8,0,0,0,9,7,3,0,4,0,9,0,NULL,RP
barrija01,"Jaime Barria",LAA,AL,3,3,35,0,0,0,79.1,63,23,11,19,0,54,3,NULL,RP
bassan01,"Anthony Bass",TOT,MLB,4,3,73,0,0,0,70.1,51,12,6,20,1,73,0,NULL,RP
bassich01,"Chris Bassitt",NYM,NL,15,9,30,0,0,0,181.2,159,69,19,49,0,167,13,NULL,SP
baumami01,"Mike Baumann",BAL,AL,1,3,13,0,0,0,34.1,43,18,3,9,0,23,2,NULL,RP
bautife01,"Félix Bautista",BAL,AL,4,4,65,0,0,15,65.2,38,16,7,23,1,88,1,NULL,CP
bazared01,"Eduard Bazardo",BOS,AL,1,0,12,0,0,0,16.1,12,5,4,4,0,11,2,NULL,RP
bazsh01,"Shane Baz",TBR,AL,1,2,6,0,0,0,27,27,15,5,9,0,30,1,NULL,SP
beaslje01,"Jeremy Beasley",TOR,AL,0,0,9,0,0,0,15,14,8,4,5,0,19,2,NULL,RP
bednada01,"David Bednar",PIT,NL,3,4,45,0,0,19,51.2,42,15,4,16,2,69,1,NULL,CP
beedety01,"Tyler Beede",TOT,NL,2,5,31,0,0,0,61.1,71,35,7,29,2,39,5,NULL,RP
beeksja02,"Jalen Beeks",TBR,AL,2,3,42,0,0,2,61,49,19,7,22,0,70,2,NULL,RP
bellaan01,"Andrew Bellatti",PHI,NL,4,4,59,0,0,2,54.1,47,20,5,25,1,78,1,NULL,RP
bellobr01,"Brayan Bello",BOS,AL,2,8,13,1,0,0,57.1,75,30,1,27,1,55,2,NULL,SP
bendean01,"Anthony Bender",MIA,NL,1,3,22,0,0,6,19.1,17,7,3,8,0,17,1,NULL,RP
bernabr01,"Brennan Bernardino",SEA,AL,0,1,2,0,0,0,2.1,3,1,0,2,1,0,0,NULL,RP
berrijo01,"Jose Berrios",TOR,AL,12,7,32,0,0,0,172,199,100,29,45,0,149,11,NULL,SP
bickfph01,"Phil Bickford",LAD,NL,2,1,60,0,0,0,61,53,32,12,14,0,67,2,NULL,RP
biebesh01,"Shane Bieber",CLE,AL,13,8,31,1,0,0,200,172,64,18,36,0,198,2,NULL,SP
bielabr01,"Brandon Bielak",HOU,AL,0,0,5,0,0,0,12.1,11,5,2,4,0,12,3,NULL,RP
birdja01,"Jake Bird",COL,NL,2,4,38,0,0,0,47.2,45,26,7,23,3,42,4,NULL,RP
blachty01,"Ty Blach",COL,NL,1,0,24,0,0,1,44.1,51,29,4,11,2,29,2,NULL,RP
blackpa01,"Paul Blackburn",OAK,AL,7,6,21,0,0,0,111.1,110,53,15,30,2,89,5,NULL,SP
blancro01,"Ronel Blanco",HOU,AL,0,0,7,0,0,0,6.1,8,5,1,4,0,7,1,NULL,RP
bleieri01,"Richard Bleier",MIA,NL,2,2,55,0,0,1,50.2,63,20,3,10,3,32,1,NULL,RP
bolanro01,"Ronald Bolanos",KCR,AL,0,0,8,0,0,0,18.1,20,9,2,12,1,12,3,NULL,RP
borucry01,"Ryan Borucki",TOT,AL,2,0,32,0,0,0,25.1,24,16,6,11,0,21,2,NULL,RP
boxbebr01,"Brad Boxberger",MIL,NL,4,3,70,0,0,1,64,52,21,6,27,1,68,2,NULL,RP
boydma01,"Matthew Boyd",SEA,AL,2,0,10,0,0,0,13.1,5,2,0,8,3,13,1,NULL,RP
brachsi01,"Silvino Bracho",ATL,NL,0,0,3,0,0,0,4.1,3,3,2,1,0,4,1,NULL,RP
bradiky01,"Kyle Bradish",BAL,AL,4,7,23,0,0,0,117.2,119,64,17,46,0,111,7,NULL,SP
bradlar01,"Archie Bradley",LAA,AL,0,1,21,0,0,2,18.2,17,10,1,7,1,15,0,NULL,RP
brashma01,"Matt Brash",SEA,AL,4,4,39,0,0,0,50.2,46,25,3,33,1,62,2,NULL,RP
brasiry01,"Ryan Brasier",BOS,AL,0,3,68,0,0,1,62.1,68,40,9,13,1,64,1,NULL,RP
braulst01,"Steven Brault",CHC,NL,0,0,9,0,0,0,9,8,3,0,5,0,8,1,NULL,RP
brazohu01,"Huascar Brazoban",MIA,NL,1,1,27,0,0,0,32,26,11,3,21,1,40,2,NULL,RP
brebbjo01,"John Brebbia",SFG,NL,6,2,76,0,0,0,68,71,24,5,18,2,54,1,NULL,RP
brentja01,"Jake Brentz",KCR,AL,0,3,8,0,0,0,5.1,11,14,1,10,0,9,1,NULL,RP
briceau01,"Austin Brice",PIT,NL,0,0,4,0,0,0,6.2,4,3,0,3,0,5,0,NULL,RP
briesbe01,"Beau Brieske",DET,AL,3,6,15,0,0,0,81.2,73,38,14,25,0,54,1,NULL,SP
brighje01,"Jeff Brigham",MIA,NL,0,1,16,0,0,1,24,22,9,3,10,0,28,0,NULL,RP
brittza01,"Zack Britton",NYY,AL,0,0,3,0,0,0,0.2,1,1,0,6,0,1,0,NULL,RP
brogdco01,"Connor Brogdon",PHI,NL,2,2,47,0,0,2,44,44,16,6,11,0,50,1,NULL,RP
brookaa01,"Aaron Brooks",STL,NL,0,0,5,0,0,0,9.1,11,8,3,2,0,7,1,NULL,RP
brownhu01,"Hunter Brown",HOU,AL,2,0,7,0,0,0,20.1,15,2,0,7,0,22,0,NULL,RP
brubajt01,"JT Brubaker",PIT,NL,3,12,28,0,0,0,144,157,75,17,54,0,147,9,NULL,SP
bruihju01,"Justin Bruihl",LAD,NL,1,1,24,0,0,1,23.2,22,10,4,6,2,13,3,NULL,RP
bubickr01,"Kris Bubic",KCR,AL,3,13,28,0,0,0,129,156,80,18,63,0,110,4,NULL,SP
buehlwa01,"Walker Buehler",LAD,NL,6,3,12,1,1,0,65,67,29,8,17,0,58,2,NULL,SP
bumgama01,"Madison Bumgarner",ARI,NL,7,15,30,0,0,0,158.2,179,86,25,49,0,112,9,NULL,SP
bummeaa01,"Aaron Bummer",CHW,AL,2,1,32,0,0,2,26.2,30,7,2,10,0,30,2,NULL,RP
bundydy01,"Dylan Bundy",MIN,AL,8,8,29,0,0,0,140,151,76,24,28,0,94,3,NULL,SP
burkebr01,"Brock Burke",TEX,AL,7,5,52,0,0,0,82.1,63,18,9,24,1,90,2,NULL,RP
burneco01,"Corbin Burnes",MIL,NL,12,8,33,0,0,0,202,144,66,23,51,0,243,13,NULL,SP
burrry01,"Ryan Burr",CHW,AL,1,1,8,0,0,0,9,8,6,3,4,0,7,0,NULL,RP
bushma01,"Matt Bush",TOT,MLB,2,3,65,0,0,3,59.2,43,23,11,18,2,74,3,NULL,RP
buttojo01,"José Butto",NYM,NL,0,0,1,0,0,0,4,9,7,2,2,0,5,0,NULL,SP
cabreed02,"Edward Cabrera",MIA,NL,6,4,14,0,0,0,71.2,44,24,10,33,0,75,9,NULL,SP
cabrege01,"Genesis Cabrera",STL,NL,4,2,39,0,0,1,44.2,39,23,8,20,3,32,4,NULL,RP
canoye01,"Yennier Cano",TOT,AL,1,1,13,0,0,0,18,26,23,3,16,0,21,1,NULL,RP
carltdr01,"Drew Carlton",DET,AL,0,0,5,0,0,0,8.2,4,2,1,0,0,7,0,NULL,RP
carraca01,"Carlos Carrasco",NYM,NL,15,7,29,0,0,0,152,161,67,17,41,2,152,8,NULL,SP
castada01,"Daniel Castano",MIA,NL,1,3,10,0,0,0,35.2,42,16,5,9,0,20,2,NULL,SP
castehu01,"Humberto Castellanos",ARI,NL,3,2,11,0,0,0,44.1,50,28,7,12,0,32,4,NULL,SP
castery01,"Ryan Castellani",OAK,AL,0,0,3,0,0,0,2.2,2,0,0,0,0,1,0,NULL,RP
castidi01,"Diego Castillo",SEA,AL,7,3,59,0,0,7,54.1,40,22,5,22,4,53,2,NULL,RP
castijo03,"Jose Castillo",SDP,NL,0,0,1,0,0,0,1,1,1,0,1,0,1,0,NULL,RP
castilu02,"Luis Castillo",TOT,MLB,8,6,25,0,0,0,150.1,118,50,13,45,0,167,8,NULL,SP
castilu03,"Luis Castillo",DET,AL,0,0,3,0,0,0,3.2,2,0,0,0,0,4,0,NULL,RP
castima03,"Max Castillo",TOT,AL,0,2,14,0,0,0,39.1,38,26,8,15,0,37,2,NULL,RP
castran02,"Anthony Castro",CLE,AL,0,0,12,0,0,0,13.1,19,11,5,10,0,12,0,NULL,RP
castrke01,"Kervin Castro",TOT,NL,0,1,10,0,0,0,12.1,15,14,3,7,0,11,0,NULL,RP
castrmi01,"Miguel Castro",NYY,AL,5,0,34,0,0,0,29,27,13,2,15,0,31,4,NULL,RP
cavalca01,"Cade Cavalli",WSN,NL,0,1,1,0,0,0,4.1,6,7,0,2,0,6,3,NULL,SP
ceasedy01,"Dylan Cease",CHW,AL,14,8,32,1,1,0,184,126,45,16,78,2,227,3,NULL,SP
cessalu01,"Luis Cessa",CIN,NL,4,4,46,0,0,0,80.2,76,41,14,28,0,59,2,NULL,RP
chacijh01,"Jhoulys Chacin",COL,NL,4,2,35,0,0,0,47.1,55,40,7,21,0,37,2,NULL,RP
chafian01,"Andrew Chafin",DET,AL,2,3,64,0,0,3,57.1,48,18,5,19,0,67,3,NULL,RP
chapmar01,"Aroldis Chapman",NYY,AL,4,4,43,0,0,9,36.1,24,18,4,28,0,43,1,NULL,RP
chargjt01,"JT Chargois",TBR,AL,2,0,21,0,0,0,22.1,16,6,3,5,0,17,2,NULL,RP
chaveje01,"Jesse Chavez",TOT,MLB,4,3,60,0,0,0,69.1,71,29,8,20,0,74,1,NULL,RP
chiriyo01,"Yonny Chirinos",TBR,AL,1,0,2,0,0,0,7,7,0,0,1,0,6,1,NULL,RP
cimbead01,"Adam Cimber",TOR,AL,10,6,77,0,0,4,70.2,66,22,6,13,1,58,8,NULL,RP
cishest01,"Steve Cishek",WSN,NL,1,4,69,0,0,1,66.1,54,31,11,27,1,74,13,NULL,RP
cisnejo01,"Jose Cisnero",DET,AL,1,0,28,0,0,0,25,15,3,0,19,0,23,1,NULL,RP
civalaa01,"Aaron Civale",CLE,AL,5,6,20,0,0,0,97,93,53,14,22,1,98,7,NULL,SP
clarkta01,"Taylor Clarke",KCR,AL,3,1,47,0,0,3,49,50,22,6,8,0,48,1,NULL,RP
claseem01,"Emmanuel Clase",CLE,AL,3,4,77,0,0,42,72.2,43,11,3,10,2,77,1,NULL,CP
claudal01,"Alex Claudio",NYM,NL,0,0,3,0,0,0,3.1,1,0,0,2,0,2,0,NULL,RP
claysa01,"Sam Clay",TOT,NL,0,0,7,0,0,0,5.1,4,5,1,4,0,5,4,NULL,RP
cleavga01,"Garrett Cleavinger",TOT,MLB,1,1,17,0,0,0,23,14,10,2,7,0,32,1,NULL,SP
clevimi01,"Mike Clevinger",SDP,NL,7,7,23,0,0,0,114.1,102,55,20,35,0,91,10,NULL,SP
clippty01,"Tyler Clippard",WSN,NL,0,0,4,0,0,0,5,6,4,1,4,0,4,3,NULL,RP
cobbal01,"Alex Cobb",SFG,NL,7,8,28,0,0,0,149.2,152,62,9,43,0,151,3,NULL,SP
colege01,"Gerrit Cole",NYY,AL,13,8,33,0,0,0,200.2,154,78,33,50,0,257,2,NULL,SP
colemdy01,"Dylan Coleman",KCR,AL,5,2,68,0,0,0,68,47,21,5,37,1,71,6,NULL,RP
colomal01,"Alex Colome",COL,NL,2,7,53,0,0,4,47,57,30,5,22,2,32,0,NULL,RP
contrro01,"Roansy Contreras",PIT,NL,5,5,21,0,0,0,95,82,40,13,39,1,86,2,NULL,SP
coonrsa01,"Sam Coonrod",PHI,NL,0,0,12,0,0,0,12.2,12,11,1,7,0,12,3,NULL,RP
corbipa01,"Patrick Corbin",WSN,NL,6,19,31,1,0,0,152.2,210,107,27,49,1,128,7,NULL,SP
cortene01,"Nestor Cortes",NYY,AL,12,4,28,1,1,0,158.1,108,43,16,38,0,163,2,NULL,SP
cottojh01,"Jharel Cotton",TOT,MLB,4,2,30,0,0,0,43,34,17,7,20,0,39,2,NULL,RP
couloda01,"Danny Coulombe",MIN,AL,0,0,10,0,0,0,12.1,7,2,0,9,0,9,0,NULL,RP
cousija01,"Jake Cousins",MIL,NL,2,1,12,0,0,0,13.1,10,4,1,8,1,21,2,NULL,RP
crawfku01,"Kutter Crawford",BOS,AL,3,6,21,0,0,0,77.1,81,47,12,29,1,77,2,NULL,SP
crickky01,"Kyle Crick",CHW,AL,2,0,14,0,0,0,15.2,10,7,0,11,0,19,2,NULL,RP
crismna01,"Nabil Crismatt",SDP,NL,5,2,50,0,0,0,67.1,57,22,5,22,1,65,2,NULL,RP
criswco01,"Cooper Criswell",TBR,AL,0,0,1,0,0,0,3.1,2,1,0,1,0,4,0,NULL,SP
crowewi01,"Wil Crowe",PIT,NL,6,10,60,0,0,4,76,68,37,8,38,0,68,3,NULL,RP
cruzfe01,"Fernando Cruz",CIN,NL,0,1,14,0,0,0,14.2,9,2,1,9,0,21,1,NULL,RP
cruzje01,"Jesus Cruz",ATL,NL,0,0,7,0,0,0,8.2,8,6,3,4,0,6,1,NULL,RP
cuasjo01,"Jose Cuas",KCR,AL,4,2,47,0,0,1,37.2,39,15,2,24,2,34,6,NULL,RP
cuetojo01,"Johnny Cueto",CHW,AL,8,10,25,1,0,0,158.1,161,59,15,33,2,102,6,NULL,SP
curryxz01,"Xzavion Curry",CLE,AL,0,1,2,0,0,0,9.1,13,6,1,6,0,3,1,NULL,SP
cyrty01,"Tyler Cyr",TOT,MLB,1,0,12,0,0,0,13.1,11,4,2,5,0,16,1,NULL,RP
danisty01,"Tyler Danish",BOS,AL,3,1,32,0,0,0,40.1,40,23,7,12,0,32,4,NULL,RP
darviyu01,"Yu Darvish",SDP,NL,16,8,30,0,0,0,194.2,148,67,22,37,0,197,12,NULL,SP
davidtu01,"Tucker Davidson",TOT,MLB,2,7,12,0,0,0,52,54,39,7,35,0,33,3,NULL,SP
davieza02,"Zach Davies",ARI,NL,2,5,27,0,0,0,134.1,122,61,21,52,0,102,2,NULL,SP
davisau01,"Austin Davis",TOT,AL,2,1,52,0,0,0,56,57,36,5,33,1,64,5,NULL,RP
davisno01,"Noah Davis",COL,NL,0,0,1,0,0,0,1,3,2,1,1,0,2,0,NULL,RP
degroja01,"Jacob deGrom",NYM,NL,5,4,11,0,0,0,64.1,40,22,9,8,0,102,0,NULL,SP
dejesan01,"Angel De Jesus",DET,AL,0,0,8,0,0,0,12.2,9,3,2,4,0,7,2,NULL,RP
dejonch01,"Chase De Jong",PIT,NL,6,3,42,0,0,1,71.2,52,21,10,30,1,59,5,NULL,RP
delosen01,"Enyel De Los Santos",CLE,AL,5,0,50,0,0,1,53.1,40,18,3,17,1,61,2,NULL,RP
delosye01,"Yerry De Los Santos",PIT,NL,0,3,26,0,0,3,25.2,22,14,3,11,1,26,1,NULL,RP
dermoma01,"Matt Dermody",CHC,NL,0,0,1,0,0,0,1,2,2,0,2,1,1,0,NULL,RP
desclan01,"Anthony DeSclafani",SFG,NL,0,2,5,0,0,0,19,34,14,4,4,0,17,1,NULL,SP
detmere01,"Reid Detmers",LAA,AL,7,6,25,1,1,0,129,110,54,13,46,1,122,8,NULL,SP
detwiro01,"Ross Detwiler",CIN,NL,0,2,30,0,0,1,26.1,31,13,5,10,2,28,3,NULL,RP
devench02,"Chris Devenski",TOT,NL,2,1,13,0,0,0,14.2,21,14,3,1,0,12,1,NULL,RP
diazal03,"Alexis Diaz",CIN,NL,7,3,59,0,0,10,63.2,28,13,5,33,3,83,5,NULL,RP
diazed04,"Edwin Díaz",NYM,NL,3,1,61,0,0,32,62,34,9,3,18,1,118,2,NULL,CP
diazjh01,"Jhonathan Diaz",LAA,AL,1,1,4,0,0,0,15.1,13,5,1,10,0,11,0,NULL,SP
diazmi02,"Miguel Diaz",DET,AL,0,0,3,0,0,0,3.2,1,1,0,2,0,3,0,NULL,RP
diehlph01,"Phillip Diehl",CIN,NL,0,0,5,0,0,0,5.2,8,7,3,3,1,3,0,NULL,RP
diekmja01,"Jake Diekman",TOT,AL,5,4,70,0,0,1,57.2,52,32,9,42,2,79,8,NULL,RP
diplama01,"Marcos Diplan",BAL,AL,0,0,5,0,0,0,5.2,4,1,0,5,0,8,0,NULL,RP
dominse01,"Seranthony Dominguez",PHI,NL,6,5,54,0,0,9,51,36,17,4,22,1,61,1,NULL,RP
doolise01,"Sean Doolittle",WSN,NL,0,0,6,0,0,0,5.1,1,0,0,0,0,6,0,NULL,RP
dovalca01,"Camilo Doval",SFG,NL,6,6,68,0,0,27,67.2,54,19,4,30,2,80,3,NULL,CP
dowdyky01,"Kyle Dowdy",CIN,NL,0,0,2,0,0,0,6.1,5,0,0,3,0,3,1,NULL,RP
duartda01,"Daniel Duarte",CIN,NL,0,0,3,0,0,0,2.2,3,3,1,3,0,2,0,NULL,RP
duffety01,"Tyler Duffey",MIN,AL,2,4,40,0,0,2,44,45,24,8,15,1,39,1,NULL,RP
duggero01,"Robert Dugger",TOT,MLB,0,1,4,0,0,0,16,19,11,3,7,0,19,0,NULL,RP
dunnida01,"Dane Dunning",TEX,AL,4,8,29,0,0,0,153.1,158,76,20,62,0,137,11,NULL,SP
dunnju01,"Justin Dunn",CIN,NL,1,3,7,0,0,0,31,32,21,11,17,0,21,3,NULL,SP
duranjh01,"Jhoan Duran",MIN,AL,2,4,57,0,0,8,67.2,50,14,6,16,3,89,4,NULL,RP
duronni01,"Nick Duron",PHI,NL,0,0,1,0,0,0,1,2,0,0,0,0,1,0,NULL,RP
edwarca01,"Carl Edwards Jr.",WSN,NL,6,3,57,0,0,2,62,51,19,8,25,0,56,1,NULL,RP
effrosc01,"Scott Effross",TOT,MLB,1,4,60,0,0,4,56.2,45,16,3,15,3,62,1,NULL,RP
eflinza01,"Zach Eflin",PHI,NL,3,5,20,0,0,1,75.2,70,34,8,15,1,65,5,NULL,SP
eickhje01,"Jerad Eickhoff",PIT,NL,0,1,1,0,0,0,4.1,10,10,2,1,0,4,3,NULL,SP
elderbr01,"Bryce Elder",ATL,NL,2,4,10,1,1,0,54,44,19,4,23,1,47,3,NULL,SP
eliasro01,"Roenis Elias",SEA,AL,0,0,7,0,0,0,7.2,7,3,1,3,0,6,0,NULL,RP
ellisch01,"Chris Ellis",BAL,AL,0,0,2,0,0,0,4.1,5,5,0,6,0,2,1,NULL,SP
eovalna01,"Nathan Eovaldi",BOS,AL,6,3,20,2,1,0,109.1,115,47,21,20,0,103,1,NULL,SP
erlinro01,"Robbie Erlin",LAD,NL,0,0,2,0,0,0,2,2,2,1,1,0,1,0,NULL,RP
espinan01,"Anderson Espinoza",CHC,NL,0,2,7,0,0,0,18.1,14,11,4,16,0,19,4,NULL,RP
espinpa01,"Paolo Espino",WSN,NL,0,9,42,1,0,0,113.1,131,61,24,24,0,92,2,NULL,SP
espinra01,"Raynel Espinal",CIN,NL,0,1,2,0,0,0,4.2,6,4,1,1,0,5,0,NULL,RP
estevca01,"Carlos Estevez",COL,NL,4,4,62,0,0,2,57,44,22,7,23,1,54,1,NULL,RP
estraje01,"Jeremiah Estrada",CHC,NL,0,0,5,0,0,0,5.2,6,2,1,3,0,8,0,NULL,RP
faedoal01,"Alex Faedo",DET,AL,1,5,12,0,0,0,53.2,63,33,7,25,0,44,1,NULL,SP
fairbpe01,"Pete Fairbanks",TBR,AL,0,0,24,0,0,8,24,13,3,1,3,0,38,0,NULL,CP
falteba01,"Bailey Falter",PHI,NL,6,4,20,0,0,0,84,85,36,16,17,0,74,6,NULL,SP
familje01,"Jeurys Familia",TOT,MLB,2,3,48,0,0,0,44.1,58,30,7,22,2,41,2,NULL,RP
farmebu01,"Buck Farmer",CIN,NL,2,2,44,0,0,2,47,36,20,2,25,0,54,1,NULL,RP
farrelu01,"Luke Farrell",TOT,NL,0,0,6,0,0,0,15,18,9,3,7,0,14,0,NULL,RP
fauchca01,"Calvin Faucher",TBR,AL,2,3,22,0,0,1,21.1,26,13,4,10,0,21,1,NULL,RP
feddeer01,"Erick Fedde",WSN,NL,6,13,27,0,0,0,127,149,82,21,58,0,94,0,NULL,SP
felizmi01,"Michael Feliz",BOS,AL,0,0,1,0,0,0,3.1,1,1,1,2,0,4,0,NULL,RP
feltnry01,"Ryan Feltner",COL,NL,4,9,20,0,0,0,97.1,102,63,16,35,0,84,5,NULL,SP
ferguca01,"Caleb Ferguson",LAD,NL,1,0,37,0,0,0,34.2,23,7,1,17,0,37,2,NULL,RP
fernaju01,"Junior Fernandez",TOT,NL,0,0,16,0,0,0,18.2,18,5,3,12,0,14,1,NULL,RP
festama01,"Matthew Festa",SEA,AL,2,0,53,0,0,2,54,43,25,10,18,0,64,2,NULL,RP
feyerjo01,"J.P. Feyereisen",TBR,AL,4,0,22,0,0,1,24.1,7,0,0,5,0,25,0,NULL,RP
finneky01,"Kyle Finnegan",WSN,NL,6,4,66,0,0,11,66.2,54,26,9,22,2,70,0,NULL,RP
fishena01,"Nate Fisher",NYM,NL,0,0,1,0,0,0,3,1,0,0,2,0,1,0,NULL,RP
fishmja01,"Jake Fishman",MIA,NL,0,0,7,0,0,0,11,13,5,0,0,0,6,3,NULL,RP
flaheja01,"Jack Flaherty",STL,NL,2,1,9,0,0,0,36,36,17,4,22,0,33,5,NULL,SP
flemijo01,"Josh Fleming",TBR,AL,2,5,10,0,0,0,35,54,25,5,12,1,29,1,NULL,RP
fletcaa01,"Aaron Fletcher",PIT,NL,0,1,9,0,0,0,11.2,10,9,2,4,0,6,3,NULL,RP
flexech01,"Chris Flexen",SEA,AL,8,9,33,0,0,2,137.2,132,57,17,51,3,95,2,NULL,SP
florody01,"Dylan Floro",MIA,NL,1,3,56,0,0,10,53.2,48,18,4,15,3,48,0,NULL,RP
foleyja01,"Jason Foley",DET,AL,1,0,60,0,0,0,60.1,72,26,2,11,0,43,2,NULL,RP
fostema01,"Matt Foster",CHW,AL,1,2,48,0,0,1,45,43,22,6,17,1,42,0,NULL,RP
francbo01,"Bowden Francis",TOR,AL,0,0,1,0,0,0,0.2,1,0,0,0,0,1,0,NULL,RP
freelky01,"Kyle Freeland",COL,NL,9,11,31,0,0,0,174.2,193,88,19,53,0,131,16,NULL,SP
friaslu01,"Luis Frias",ARI,NL,1,1,15,0,0,0,17,23,20,1,17,0,14,1,NULL,RP
friedma01,"Max Fried",ATL,NL,14,7,30,0,0,0,185.1,156,51,12,32,2,170,4,NULL,SP
frypa01,"Paul Fry",TOT,MLB,0,0,13,0,0,0,13,11,9,1,9,0,14,2,NULL,RP
fulmemi01,"Michael Fulmer",TOT,AL,5,6,67,0,0,3,63.2,59,24,4,28,6,61,5,NULL,RP
gaddihu01,"Hunter Gaddis",CLE,AL,0,2,2,0,0,0,7.1,15,15,7,3,0,5,0,NULL,SP
gagema01,"Matt Gage",TOR,AL,0,1,11,0,0,0,13,6,2,1,6,1,12,1,NULL,RP
gallegi01,"Giovanny Gallegos",STL,NL,3,6,57,0,0,14,59,42,20,6,18,1,73,0,NULL,CP
galleza01,"Zac Gallen",ARI,NL,12,4,31,0,0,0,184,121,52,15,47,0,192,12,NULL,SP
garcibr01,"Bryan Garcia",DET,AL,2,0,4,0,0,0,20.1,14,8,3,10,0,17,3,NULL,SP
garcija04,"Jarlin Garcia",SFG,NL,1,4,58,0,0,1,65,60,27,10,18,1,56,1,NULL,RP
garcilu03,"Luis Garcia",SDP,NL,4,6,64,0,0,3,61,57,23,3,17,0,68,5,NULL,RP
garcilu05,"Luis Garcia",HOU,AL,15,8,28,0,0,0,157.1,131,65,23,47,0,157,1,NULL,SP
garciri01,"Rico Garcia",BAL,AL,0,0,6,0,0,0,8,8,4,2,3,0,2,0,NULL,RP
garciro03,"Rony Garcia",DET,AL,3,3,16,0,0,0,51,40,25,9,13,0,48,4,NULL,SP
garciyi01,"Yimi Garcia",TOR,AL,4,5,61,0,0,1,61,48,21,6,16,3,58,4,NULL,RP
garream01,"Amir Garrett",KCR,AL,3,1,60,0,0,0,45.1,28,25,0,32,0,49,5,NULL,RP
garrebr01,"Braxton Garrett",MIA,NL,3,7,17,0,0,0,88,86,35,9,24,1,90,10,NULL,SP
garrere01,"Reed Garrett",WSN,NL,0,1,7,0,0,0,9.1,13,7,1,8,1,6,1,NULL,RP
garzara01,"Ralph Garza",TBR,AL,2,2,19,0,0,0,35,38,13,4,16,2,17,2,NULL,RP
gausmke01,"Kevin Gausman",TOR,AL,12,10,31,0,0,0,174.2,188,65,15,28,0,205,1,NULL,SP
germado01,"Domingo German",NYY,AL,2,5,15,0,0,0,72.1,65,29,11,19,0,58,4,NULL,SP
germafr02,"Franklin German",BOS,AL,0,0,5,0,0,0,4,7,8,2,4,0,4,0,NULL,RP
gibauia01,"Ian Gibaut",TOT,MLB,1,2,34,0,0,1,36,39,18,3,18,0,48,1,NULL,RP
gibsoky01,"Kyle Gibson",PHI,NL,10,8,31,0,0,0,167.2,176,94,24,48,0,144,9,NULL,SP
gilbelo01,"Logan Gilbert",SEA,AL,13,6,32,0,0,0,185.2,170,66,19,49,2,174,6,NULL,SP
gilbety01,"Tyler Gilbert",ARI,NL,0,3,8,0,0,0,34.1,33,20,8,10,1,20,1,NULL,SP
gilbrlu01,"Lucas Gilbreath",COL,NL,2,0,47,0,0,0,43,37,20,2,26,0,49,4,NULL,RP
gileske01,"Ken Giles",SEA,AL,0,0,5,0,0,0,4.1,1,0,0,4,0,6,0,NULL,RP
gillalo01,"Logan Gillaspie",BAL,AL,1,0,17,0,0,0,17.1,20,6,1,3,0,10,2,NULL,RP
gillu01,"Luis Gil",NYY,AL,0,0,1,0,0,0,4,5,4,0,2,0,5,0,NULL,RP
ginkeke01,"Kevin Ginkel",ARI,NL,1,1,30,0,0,1,29.1,27,11,1,11,0,30,1,NULL,RP
giolilu01,"Lucas Giolito",CHW,AL,11,9,30,0,0,0,161.2,171,88,24,61,1,177,4,NULL,SP
givenmy01,"Mychal Givens",TOT,NL,7,3,59,0,0,2,61.1,56,23,8,25,4,71,5,NULL,RP
glasnty01,"Tyler Glasnow",TBR,AL,0,0,2,0,0,0,6.2,4,1,1,2,0,10,0,NULL,SP
gombeau01,"Austin Gomber",COL,NL,5,7,33,0,0,0,124.2,137,77,20,34,1,95,2,NULL,SP
gonsoto01,"Tony Gonsolin",LAD,NL,16,1,24,0,0,0,130.1,79,31,11,35,1,119,4,NULL,SP
gonzach01,"Chi Chi Gonzalez",TOT,MLB,0,1,7,0,0,0,23,28,15,5,7,0,15,0,NULL,SP
gonzama02,"Marco Gonzales",SEA,AL,10,15,32,0,0,0,183,194,84,30,50,1,103,7,NULL,SP
gorema01,"MacKenzie Gore",SDP,NL,4,4,16,0,0,0,70,66,35,7,37,0,72,4,NULL,SP
gosean01,"Anthony Gose",CLE,AL,3,0,22,0,0,0,21,15,11,4,14,1,28,1,NULL,RP
gotttr01,"Trevor Gott",MIL,NL,3,4,45,0,0,0,45.2,35,21,8,12,0,44,3,NULL,RP
goudeas01,"Ashton Goudeau",COL,NL,1,0,12,0,0,1,20.1,25,16,3,10,0,16,0,NULL,RP
gratebr01,"Brusdar Graterol",LAD,NL,2,4,46,0,0,4,49.2,39,18,3,10,1,43,3,NULL,RP
graveke01,"Kendall Graveman",CHW,AL,3,4,65,0,0,6,65,65,23,5,26,2,66,3,NULL,RP
grayjo02,"Jon Gray",TEX,AL,7,7,24,0,0,0,127.1,105,56,17,39,0,134,6,NULL,SP
grayjo03,"Josiah Gray",WSN,NL,7,10,28,0,0,0,148.2,136,83,38,66,1,154,8,NULL,SP
grayso01,"Sonny Gray",MIN,AL,8,5,24,0,0,0,119.2,99,41,11,36,0,117,6,NULL,SP
greench03,"Chad Green",NYY,AL,1,1,14,0,0,1,15,13,5,1,5,0,16,0,NULL,RP
greenhu01,"Hunter Greene",CIN,NL,5,13,24,1,1,0,125.2,104,62,24,48,0,164,10,NULL,SP
greensh02,"Shane Greene",TOT,MLB,1,0,2,0,0,0,3,3,2,1,1,0,2,0,NULL,RP
greinza01,"Zack Greinke",KCR,AL,4,9,26,0,0,0,137,157,56,14,27,0,73,3,NULL,SP
grifffo01,"Foster Griffin",TOT,AL,0,0,6,0,0,0,6.1,7,6,0,5,0,4,1,NULL,RP
grimmju01,"Justin Grimm",OAK,AL,0,0,15,0,0,0,15.1,18,7,1,7,0,11,2,NULL,RP
grovemi01,"Michael Grove",LAD,NL,1,0,7,0,0,0,29.1,32,15,6,10,1,24,0,NULL,SP
gsellro01,"Robert Gsellman",CHC,NL,0,2,8,0,0,1,15.1,17,8,2,3,0,9,0,NULL,RP
guerrja02,"Javy Guerra",TOT,MLB,2,1,18,0,0,0,18,16,10,3,11,2,10,1,NULL,RP
gustaja0,"Jandel Gustave",MIL,NL,2,0,27,0,0,0,28,25,12,4,11,0,27,2,NULL,RP1
gutievl01,"Vladimir Gutiérrez",CIN,NL,1,6,10,0,0,0,36.2,46,31,8,24,1,29,6,NULL,SP
haderjo01,"Josh Hader",TOT,NL,2,5,56,0,0,36,50,43,29,8,21,0,81,4,NULL,CP
halldl01,"DL Hall",BAL,AL,1,1,11,0,0,1,13.2,17,9,0,6,0,19,0,NULL,RP
hamilia01,"Ian Hamilton",MIN,AL,0,0,1,0,0,0,2.2,3,2,1,1,0,0,0,NULL,RP
handbr01,"Brad Hand",PHI,NL,3,2,55,0,0,5,45,37,14,2,23,1,38,6,NULL,RP
harvehu01,"Hunter Harvey",WSN,NL,2,1,38,0,0,0,39.1,33,11,1,12,0,45,0,NULL,RP
hatchto01,"Thomas Hatch",TOR,AL,0,1,1,0,0,0,4.2,12,10,3,2,0,4,1,NULL,SP
headlo01,"Louis Head",TOT,MLB,0,0,28,0,0,1,28.2,32,20,4,15,1,26,5,NULL,RP
heanean01,"Andrew Heaney",LAD,NL,4,4,16,0,0,0,72.2,60,25,14,19,0,110,9,NULL,SP
hearnta01,"Taylor Hearn",TEX,AL,6,8,31,0,0,1,100,107,57,11,43,0,97,3,NULL,RP
heasljo01,"Jonathan Heasley",KCR,AL,4,10,21,0,0,0,104,108,61,19,47,0,70,6,NULL,SP
helslry01,"Ryan Helsley",STL,NL,9,1,54,0,0,19,64.2,28,9,6,20,1,94,0,NULL,CP
hembrhe01,"Heath Hembree",TOT,NL,3,1,26,0,0,0,22,26,18,6,17,2,17,0,NULL,RP
hendrky01,"Kyle Hendricks",CHC,NL,4,6,16,0,0,0,84.1,85,45,15,24,0,66,3,NULL,SP
hendrli01,"Liam Hendriks",CHW,AL,4,4,58,0,0,37,57.2,44,18,7,16,1,85,2,NULL,CP
hendrry01,"Ryan Hendrix",CIN,NL,0,0,9,0,0,0,8.1,9,5,0,6,1,9,2,NULL,RP
henriro01,"Ronny Henriquez",MIN,AL,0,1,3,0,0,0,11.2,8,3,1,3,0,9,2,NULL,RP
henryto01,"Tommy Henry",ARI,NL,3,4,9,0,0,0,47,47,28,10,21,1,36,3,NULL,SP
hentgsa01,"Sam Hentges",CLE,AL,3,2,57,0,0,1,62,41,16,3,19,1,72,3,NULL,RP
hergeji01,"Jimmy Herget",LAA,AL,2,1,49,0,0,9,69,48,19,4,15,3,63,3,NULL,RP
hergeke01,"Kevin Herget",TBR,AL,0,1,3,0,0,0,7,9,6,0,0,0,4,0,NULL,RP
hernaca04,"Carlos Hernandez",KCR,AL,0,5,27,0,0,0,56,72,46,7,31,1,35,1,NULL,RP
hernada02,"Darwinzon Hernandez",BOS,AL,0,1,7,0,0,0,6.2,14,16,4,8,0,9,2,NULL,RP
hernael01,"Elieser Hernandez",MIA,NL,3,6,20,0,0,0,62.1,67,44,19,22,1,60,4,NULL,SP
hernajo02,"Jonathan Hernandez",TEX,AL,2,3,29,0,0,4,30.1,26,10,2,17,3,27,1,NULL,RP
hicksjo03,"Jordan Hicks",STL,NL,3,6,35,0,0,0,61.1,46,33,5,35,0,63,7,NULL,RP
hillga02,"Garrett Hill",DET,AL,3,3,17,0,0,0,60.1,53,27,8,29,0,40,4,NULL,SP
hillri01,"Rich Hill",BOS,AL,8,7,26,0,0,0,124.1,125,59,15,37,0,109,4,NULL,SP
hillti01,"Tim Hill",SDP,NL,3,0,55,0,0,0,48,45,19,1,14,1,25,4,NULL,RP
hjellse01,"Sean Hjelle",SFG,NL,1,2,8,0,0,0,25,33,16,3,8,0,28,1,NULL,RP
hoeinbr01,"Bryan Hoeing",MIA,NL,1,1,8,0,0,0,12.2,19,17,5,5,0,6,0,NULL,RP
hoffmje02,"Jeff Hoffman",CIN,NL,2,0,35,0,0,0,44.2,40,19,5,23,1,45,3,NULL,RP
holdeco01,"Colin Holderman",TOT,NL,5,0,24,0,0,0,28.1,20,12,0,14,1,24,4,NULL,RP
hollagr01,"Greg Holland",TEX,AL,0,1,5,0,0,0,4.2,6,4,3,1,0,5,0,NULL,RP
holloga01,"Gavin Hollowell",COL,NL,0,2,6,0,0,0,7,7,6,1,4,0,8,0,NULL,RP
hollojo01,"Jordan Holloway",MIA,NL,0,0,1,0,0,0,2.2,3,1,0,1,0,2,0,NULL,RP
holmecl01,"Clay Holmes",NYY,AL,7,4,62,0,0,20,63.2,45,18,2,20,2,65,9,NULL,CP
holtoty01,"Tyler Holton",ARI,NL,0,0,10,0,0,0,9,8,3,1,2,0,6,1,NULL,RP
houckta01,"Tanner Houck",BOS,AL,5,4,32,0,0,8,60,49,21,3,22,3,56,6,NULL,RP
housead01,"Adrian Houser",MIL,NL,6,10,22,0,0,0,102.2,103,54,8,47,1,69,2,NULL,SP
howarsa01,"Sam Howard",PIT,NL,0,0,3,0,0,0,2,2,2,1,4,0,1,1,NULL,SP
howarsp01,"Spencer Howard",TEX,AL,2,4,10,0,0,0,37.2,50,31,12,15,1,32,1,NULL,SP
hudsoda01,"Daniel Hudson",LAD,NL,2,3,25,0,0,5,24.1,17,6,1,5,0,30,2,NULL,RP
hudsoda02,"Dakota Hudson",STL,NL,8,7,27,0,0,0,139.2,141,69,9,61,0,78,9,NULL,SP
hughebr01,"Brandon Hughes",CHC,NL,2,3,57,0,0,8,57.2,42,20,11,21,3,68,6,NULL,RP
hunteto02,"Tommy Hunter",NYM,NL,0,1,18,0,0,0,22.1,21,6,4,6,0,22,0,NULL,RP
hutchdr01,"Drew Hutchison",DET,AL,3,9,28,0,0,0,105.1,114,53,15,42,1,68,2,NULL,SP
iglesra01,"Raisel Iglesias",TOT,MLB,2,6,67,0,0,17,62,46,17,5,14,1,78,3,NULL,CP
irvinco01,"Cole Irvin",OAK,AL,9,13,30,0,0,0,181,174,80,25,36,3,128,7,NULL,SP
jacksan01,"Andre Jackson",LAD,NL,0,0,4,0,0,1,9.2,9,2,0,4,0,9,0,NULL,RP
jacksja01,"Jay Jackson",ATL,NL,0,0,2,0,0,0,1.1,1,0,0,0,0,1,0,NULL,RP
jacksza02,"Zach Jackson",OAK,AL,2,3,54,0,0,3,48,28,16,1,33,3,67,2,NULL,RP
jamesdr01,"Drey Jameson",ARI,NL,3,0,4,0,0,0,24.1,20,4,2,7,0,24,1,NULL,SP
janseke01,"Kenley Jansen",ATL,NL,5,2,65,0,0,41,64,45,24,8,22,3,85,2,NULL,CP
javiecr01,"Cristian Javier",HOU,AL,11,9,30,0,0,0,148.2,89,42,17,52,0,194,6,NULL,SP
jaxgr01,"Griffin Jax",MIN,AL,7,4,65,0,0,1,72.1,56,27,7,20,3,78,3,NULL,RP
jeffeda01,"Daulton Jefferies",OAK,AL,1,7,8,0,0,0,39.1,46,25,4,8,0,28,2,NULL,SP
jimenda01,"Dany Jimenez",OAK,AL,3,4,34,0,0,11,34.1,23,13,2,18,4,34,0,NULL,RP
jimenjo02,"Joe Jimenez",DET,AL,3,2,62,0,0,2,56.2,49,22,4,13,0,77,0,NULL,RP
johnspi01,"Pierce Johnson",SDP,NL,1,2,15,0,0,0,14.1,14,8,1,8,0,21,0,NULL,RP
jonesda07,"Damon Jones",PHI,NL,0,0,4,0,0,0,4.2,4,5,0,5,0,5,3,NULL,RP
junisja01,"Jakob Junis",SFG,NL,5,7,23,0,0,0,112,120,55,13,25,0,98,4,NULL,SP
junkja01,"Janson Junk",LAA,AL,1,1,3,0,0,0,8.1,10,6,1,3,0,11,0,NULL,SP
kahnlto01,"Tommy Kahnle",LAD,NL,0,0,13,0,0,1,12.2,5,4,2,3,0,14,3,NULL,RP
kaprija01,"James Kaprielian",OAK,AL,5,9,26,0,0,0,134,121,63,16,59,0,98,5,NULL,SP
karinja01,"James Karinchak",CLE,AL,2,0,38,0,0,3,39,22,9,2,21,0,62,1,NULL,RP
kayan01,"Anthony Kay",TOR,AL,0,0,1,0,0,0,2,2,1,0,1,0,3,1,NULL,RP
kellebr01,"Brad Keller",KCR,AL,6,14,35,0,0,1,139.2,153,79,17,57,1,102,2,NULL,SP
kellemi03,"Mitch Keller",PIT,NL,5,12,31,0,0,0,159,162,69,14,60,1,138,12,NULL,SP
kelletr01,"Trevor Kelley",MIL,NL,1,0,18,0,0,0,23.2,25,16,7,9,0,23,2,NULL,RP
kellyjo05,"Joe Kelly",CHW,AL,1,3,43,0,0,1,37,36,25,2,23,0,53,3,NULL,RP
kellyme01,"Merrill Kelly",ARI,NL,13,8,33,0,0,0,200.1,167,75,21,61,2,177,2,NULL,SP
kellymi03,"Michael Kelly",PHI,NL,0,0,4,0,0,0,4,3,1,1,1,0,4,1,NULL,RP
kellyza01,"Zack Kelly",BOS,AL,1,0,13,0,0,0,13.2,14,6,2,4,0,11,0,NULL,RP
kenneia01,"Ian Kennedy",ARI,NL,4,7,57,0,0,10,50.1,57,30,11,22,3,44,1,NULL,CP
kerrra01,"Ray Kerr",SDP,NL,0,0,7,0,0,0,5,3,5,1,4,0,3,0,NULL,RP
kershcl01,"Clayton Kershaw",LAD,NL,12,3,22,0,0,0,126.1,96,32,10,23,0,137,2,NULL,SP
keuchda01,"Dallas Keuchel",TOT,MLB,2,9,14,0,0,0,60.2,94,62,11,31,2,45,0,NULL,SP
kikucyu01,"Yusei Kikuchi",TOR,AL,6,7,32,0,0,1,100.2,93,58,23,58,0,124,9,NULL,SP
kiliaca01,"Caleb Kilian",CHC,NL,0,2,3,0,0,0,11.1,11,13,0,12,1,9,1,NULL,SP
kimbrcr01,"Craig Kimbrel",LAD,NL,6,7,63,0,0,22,60,51,25,4,28,2,72,5,NULL,CP
kingjo01,"John King",TEX,AL,1,4,39,0,0,0,51.1,61,23,5,14,3,30,1,NULL,RP
kingmi01,"Michael King",NYY,AL,6,3,34,0,0,1,51,35,13,3,16,2,66,0,NULL,RP
kinlety01,"Tyler Kinley",COL,NL,1,1,25,0,0,0,24,21,2,0,6,0,27,1,NULL,RP
kirbyge01,"George Kirby",SEA,AL,8,5,25,0,0,0,130,135,49,13,22,0,133,5,NULL,SP
kittran01,"Andrew Kittredge",TBR,AL,3,1,17,0,0,5,20,15,7,4,2,0,14,0,NULL,CP
klubeco01,"Corey Kluber",TBR,AL,10,10,31,0,0,0,164,178,79,20,21,0,139,10,NULL,SP
knebeco01,"Corey Knebel",PHI,NL,3,5,46,0,0,12,44.2,33,17,4,28,3,41,2,NULL,CP
knehrre01,"Reiss Knehr",SDP,NL,0,0,5,0,0,0,13.2,11,6,1,4,0,10,4,NULL,RP
knighdu01,"Dusten Knight",TBR,AL,0,1,6,0,0,0,11,11,7,4,4,1,9,0,NULL,RP
kochma01,"Matt Koch",SEA,AL,0,0,4,0,0,0,4.1,5,4,2,1,0,3,0,NULL,RP
koenija01,"Jared Koenig",OAK,AL,1,3,10,0,0,0,39.1,40,25,4,15,0,22,5,NULL,RP
kolarad01,"Adam Kolarek",OAK,AL,0,1,15,0,0,0,17.2,20,9,1,8,0,9,3,NULL,RP
kopecmi01,"Michael Kopech",CHW,AL,5,9,25,0,0,0,119.1,85,47,15,57,0,105,3,NULL,SP
kowarja01,"Jackson Kowar",KCR,AL,0,0,7,0,0,0,15.2,27,17,4,11,0,17,0,NULL,RP
kranima01,"Max Kranick",PIT,NL,0,0,2,0,0,0,5,3,0,0,3,0,4,0,NULL,RP
krehbjo01,"Joey Krehbiel",BAL,AL,5,5,56,0,0,1,57.2,53,25,9,18,1,45,3,NULL,RP
kremede01,"Dean Kremer",BAL,AL,8,7,22,1,1,0,125.1,123,45,11,34,0,87,5,NULL,SP
kuhlch01,"Chad Kuhl",COL,NL,6,11,27,1,1,0,137,155,87,25,58,1,110,5,NULL,SP
kuhnejo01,"Joel Kuhnel",CIN,NL,2,3,53,0,0,1,58,67,41,8,14,1,56,5,NULL,RP
ladwiaj01,"A.J. Ladwig",MIA,NL,0,0,1,0,0,0,3.1,6,4,2,0,0,0,0,NULL,RP
lakintr01,"Travis Lakins Sr.",BAL,AL,0,1,6,0,0,0,10.1,14,11,3,6,0,8,1,NULL,RP
lambeji01,"Jimmy Lambert",CHW,AL,1,2,42,0,0,0,47,40,17,4,24,0,45,1,NULL,RP
lametdi01,"Dinelson Lamet",TOT,NL,1,2,32,0,0,0,32.1,30,22,4,19,0,45,4,NULL,RP
langeal01,"Alex Lange",DET,AL,7,4,71,0,0,0,63.1,48,26,5,31,1,82,5,NULL,RP
lauerer01,"Eric Lauer",MIL,NL,11,7,29,0,0,0,158.2,135,65,27,59,0,157,2,NULL,SP
lawde01,"Derek Law",TOT,MLB,2,3,17,0,0,0,19.2,23,9,3,8,0,17,2,NULL,RP
lawreca01,"Casey Lawrence",TOR,AL,0,1,6,0,0,0,18,23,15,5,4,0,11,1,NULL,RP
lawreju01,"Justin Lawrence",COL,NL,3,1,38,0,0,1,42.2,44,27,3,22,0,48,1,NULL,RP
leclejo01,"Jose Leclerc",TEX,AL,0,3,39,0,0,7,47.2,33,15,5,21,0,54,3,NULL,RP
leedy01,"Dylan Lee",ATL,NL,5,1,46,0,0,0,50.2,40,12,5,10,1,59,0,NULL,RP
leeev01,"Evan Lee",WSN,NL,0,1,4,0,0,0,8.2,9,4,1,7,0,7,1,NULL,RP
leitema02,"Mark Leiter Jr.",CHC,NL,2,7,35,0,0,3,67.2,52,30,10,25,2,73,7,NULL,RP
lemoija01,"Jacob Lemoine",OAK,AL,0,0,9,0,0,0,16.1,18,14,4,7,1,13,0,NULL,RP
leonedo01,"Dominic Leone",SFG,NL,4,5,55,0,0,3,49.1,55,22,6,24,5,52,0,NULL,RP
liberma01,"Matthew Liberatore",STL,NL,2,2,9,0,0,0,34.2,42,23,5,18,0,28,1,NULL,SP
litteza01,"Zack Littell",SFG,NL,3,3,39,0,0,1,44.1,48,25,8,13,0,39,1,NULL,RP
littlbr02,"Brendon Little",CHC,NL,0,1,1,0,0,0,0.2,2,3,1,1,0,0,1,NULL,RP
llovema01,"Mauricio Llovera",SFG,NL,0,0,17,0,0,0,16.1,14,8,2,8,1,20,0,NULL,RP
loaisjo01,"Jonathan Loaisiga",NYY,AL,2,3,50,0,0,2,48,43,22,3,19,1,37,0,NULL,RP
lodolni01,"Nick Lodolo",CIN,NL,4,7,19,0,0,0,103.1,90,42,13,39,0,131,19,NULL,SP
logueza01,"Zach Logue",OAK,AL,3,8,14,0,0,0,57,68,43,13,20,0,42,2,NULL,SP
longsa01,"Sam Long",SFG,NL,1,3,28,0,0,1,42.1,39,17,8,14,1,33,1,NULL,RP
lopezal03,"Alejo Lopez",CIN,NL,0,0,3,0,0,0,2.2,2,2,2,0,0,0,0,NULL,RP
lopezjo02,"Jorge Lopez",TOT,AL,4,7,67,0,0,23,71,53,20,4,31,5,72,7,NULL,CP
lopezpa01,"Pablo Lopez",MIA,NL,10,10,32,0,0,0,180,157,75,21,53,1,174,8,NULL,SP
lopezre01,"Reynaldo Lopez",CHW,AL,6,4,61,0,0,0,65.1,51,20,1,11,1,63,1,NULL,RP
lopezyo01,"Yoan López",NYM,NL,1,0,8,0,0,0,11,14,7,2,5,1,10,1,NULL,RP
lorenmi01,"Michael Lorenzen",LAA,AL,8,6,18,0,0,0,97.2,81,46,11,44,0,85,4,NULL,SP
loupaa01,"Aaron Loup",LAA,AL,0,5,65,0,0,1,58.2,54,25,4,22,3,52,8,NULL,RP
lowthza01,"Zac Lowther",BAL,AL,0,0,1,0,0,0,5.1,8,5,0,2,0,1,1,NULL,RP
luetglu01,"Lucas Luetge",NYY,AL,4,4,50,0,0,2,57.1,63,17,4,17,1,60,4,NULL,RP
lugose01,"Seth Lugo",NYM,NL,3,2,62,0,0,3,65,58,26,9,18,1,69,3,NULL,RP
luzarje01,"Jesus Luzardo",MIA,NL,4,7,18,0,0,0,100.1,69,37,10,35,0,120,2,NULL,SP
lylesjo01,"Jordan Lyles",BAL,AL,12,11,32,1,0,0,179,196,88,26,52,0,144,8,NULL,SP
lynchda02,"Daniel Lynch",KCR,AL,4,13,27,0,0,0,131.2,155,75,21,52,2,122,5,NULL,SP
lynnla01,"Lance Lynn",CHW,AL,8,7,21,0,0,0,121.2,120,54,19,19,0,124,10,NULL,SP
machaan02,"Andres Machado",WSN,NL,2,0,51,0,0,0,59.1,55,22,7,26,0,46,2,NULL,RP
mahlety01,"Tyler Mahle",TOT,MLB,6,8,23,0,0,0,120.2,104,59,16,43,0,126,2,NULL,SP
manaese01,"Sean Manaea",SDP,NL,8,9,30,0,0,0,158,155,87,29,50,1,156,3,NULL,SP
mannima02,"Matt Manning",DET,AL,2,3,12,0,0,0,63,55,24,6,19,0,48,1,NULL,SP
manoaal01,"Alek Manoah",TOR,AL,16,7,31,0,0,0,196.2,144,49,16,51,0,180,15,NULL,SP
mantijo01,"Joe Mantiply",ARI,NL,2,5,69,0,0,2,60,59,19,6,6,0,61,3,NULL,RP
marinro01,"Ron Marinaccio",NYY,AL,1,0,40,0,0,0,44,22,10,2,24,0,56,6,NULL,RP
markepa01,"Parker Markel",OAK,AL,0,0,3,0,0,0,3,1,0,0,5,0,3,0,NULL,RP
marquge01,"German Marquez",COL,NL,9,13,31,0,0,0,181.2,185,101,30,63,0,150,4,NULL,SP
martejo01,"Jose Marte",LAA,AL,0,0,11,0,0,0,11,8,9,2,18,0,15,0,NULL,RP
marteyu01,"Yunior Marte",SFG,NL,1,1,39,0,0,0,48,47,29,5,22,0,44,6,NULL,RP
martiad01,"Adrian Martinez",OAK,AL,4,6,12,0,0,0,57.2,69,40,13,19,1,53,3,NULL,SP
martibr01,"Brett Martin",TEX,AL,1,7,55,0,0,3,50,50,23,4,18,3,40,0,NULL,RP
martich02,"Chris Martin",TOT,NL,4,1,60,0,0,2,56,50,19,6,5,1,74,1,NULL,RP
martico02,"Corbin Martin",ARI,NL,0,1,7,0,0,0,22.1,25,12,3,12,0,21,0,NULL,RP
martida03,"Davis Martin",CHW,AL,3,6,14,0,0,0,63.1,63,34,8,19,1,48,3,NULL,SP
martini01,"Nick Martinez",SDP,NL,4,4,47,0,0,8,106.1,96,41,15,41,0,95,4,NULL,RP
martise01,"Seth Martinez",HOU,AL,1,1,29,0,0,0,38.2,26,9,3,14,1,38,1,NULL,RP
matonph01,"Phil Maton",HOU,AL,0,2,67,0,0,0,65.2,58,28,10,24,2,73,8,NULL,RP
matzety01,"Tyler Matzek",ATL,NL,4,2,42,0,0,1,43.2,26,17,3,29,2,36,2,NULL,RP
matzst01,"Steven Matz",STL,NL,5,3,15,0,0,0,48,50,28,8,10,0,54,2,NULL,SP
maydu01,"Dustin May",LAD,NL,2,3,6,0,0,0,30,21,15,3,14,0,29,5,NULL,SP
mayermi01,"Mike Mayers",LAA,AL,1,1,24,0,0,0,50.2,52,32,15,18,0,45,2,NULL,RP
maytr01,"Trevor May",NYM,NL,2,0,26,0,0,1,25,27,14,4,9,0,30,0,NULL,RP
mayzati01,"Tim Mayza",TOR,AL,8,1,63,0,0,2,48.2,42,17,7,12,2,44,1,NULL,RP
mazzach01,"Chris Mazza",TBR,AL,1,0,2,0,0,0,5.1,9,7,3,6,0,5,2,NULL,RP
mccarki01,"Kirk McCarty",CLE,AL,4,3,13,0,0,0,37.2,37,19,11,13,1,26,1,NULL,RP
mcclash01,"Shane McClanahan",TBR,AL,12,8,28,0,0,0,166.1,116,47,19,38,1,194,3,NULL,SP
mcculla02,"Lance McCullers Jr.",HOU,AL,4,2,8,0,0,0,47.2,37,12,4,22,0,50,0,NULL,SP
mcfartj01,"T.J. McFarland",STL,NL,0,0,28,0,0,0,32.2,42,24,5,11,0,16,2,NULL,RP
mcgeeea01,"Easton McGee",TBR,AL,0,0,1,0,0,0,3,4,0,0,0,0,1,0,NULL,RP
mcgeeja01,"Jake McGee",TOT,NL,1,3,42,0,0,3,37,41,28,6,12,1,25,0,NULL,RP
mchugco01,"Collin McHugh",ATL,NL,3,2,58,0,0,0,69.1,51,20,5,14,1,75,5,NULL,RP
mckayda02,"David McKay",TOT,AL,0,0,4,0,0,0,6.2,8,5,1,4,0,3,0,NULL,RP
mckentr01,"Triston McKenzie",CLE,AL,11,11,31,0,0,0,191.1,138,63,25,44,0,190,5,NULL,SP
meansjo01,"John Means",BAL,AL,0,0,2,0,0,0,8,8,3,0,2,0,7,0,NULL,SP
mearsni01,"Nick Mears",PIT,NL,0,0,2,0,0,0,2,1,0,0,1,0,2,0,NULL,RP
medinad01,"Adonis Medina",NYM,NL,1,0,14,0,0,1,23.2,30,16,2,6,0,17,4,NULL,RP
megiltr01,"Trevor Megill",MIN,AL,4,3,39,0,0,0,45,50,24,4,17,0,49,1,NULL,RP
megilty01,"Tylor Megill",NYM,NL,4,2,15,0,0,0,47.1,46,27,7,13,0,51,1,NULL,SP
mejiaje02,"J.C. Mejia",MIL,NL,0,0,2,0,0,0,2.1,5,6,0,5,0,1,0,NULL,RP
melanma01,"Mark Melancon",ARI,NL,3,10,62,0,0,18,56,63,29,5,21,2,35,1,NULL,CP
menezco01,"Conner Menez",CHC,NL,0,0,1,0,0,0,1,1,0,0,0,0,1,1,NULL,RP
mengdda01,"Daniel Mengden",KCR,AL,0,1,5,0,0,1,7,10,4,1,1,0,8,0,NULL,RP
merryju01,"Julian Merryweather",TOR,AL,0,3,26,0,0,0,26.2,31,20,4,7,1,23,2,NULL,RP
meyerma01,"Max Meyer",MIA,NL,0,1,2,0,0,0,6,7,5,2,2,0,6,0,NULL,SP
middlke01,"Keynan Middleton",ARI,NL,1,2,18,0,0,0,17,16,10,5,3,0,15,1,NULL,RP
mikolmi01,"Miles Mikolas",STL,NL,12,13,33,1,0,0,202.1,170,74,25,39,0,153,6,NULL,SP
mileywa01,"Wade Miley",CHC,NL,2,2,9,0,0,0,37,31,13,3,14,0,28,2,NULL,SP
millesh01,"Shelby Miller",SFG,NL,0,1,4,0,0,0,7,6,5,0,3,1,14,0,NULL,RP
millety01,"Tyson Miller",TEX,AL,1,2,4,0,0,0,10.2,16,13,1,8,0,8,2,NULL,RP
millsal02,"Alec Mills",CHC,NL,0,1,7,0,0,0,17.2,28,19,7,3,1,11,3,NULL,RP
millswy01,"Wyatt Mills",TOT,AL,0,1,27,0,0,0,29.1,26,15,1,13,2,26,5,NULL,RP
milneho01,"Hoby Milner",MIL,NL,3,3,67,0,0,0,64.2,61,27,5,15,0,64,7,NULL,RP
milonto01,"Tommy Milone",SEA,AL,1,1,7,0,0,0,16.2,14,10,4,6,0,5,1,NULL,RP
minayju01,"Juan Minaya",MIN,AL,1,0,6,0,0,0,9.2,8,6,0,5,0,11,3,NULL,RP
minormi01,"Mike Minor",CIN,NL,4,12,19,0,0,0,98,120,66,24,40,4,76,7,NULL,SP
minteaj01,"A.J. Minter",ATL,NL,5,4,75,0,0,5,70,49,16,5,15,0,94,3,NULL,RP
misiean01,"Anthony Misiewicz",TOT,AL,1,2,32,0,0,0,29,27,14,4,10,2,27,0,NULL,RP
mizeca01,"Casey Mize",DET,AL,0,1,2,0,0,0,10,13,6,1,2,0,4,0,NULL,SP
mollsa01,"Sam Moll",OAK,AL,2,1,53,0,0,0,43.1,33,14,5,22,6,46,3,NULL,RP
montafr02,"Frankie Montas",TOT,AL,5,12,27,0,0,0,144.1,137,65,18,43,3,142,6,NULL,SP
montebr01,"Bryce Montes de Oca",NYM,NL,0,0,3,0,0,0,3.1,7,4,0,2,0,6,0,NULL,RP
montera01,"Rafael Montero",HOU,AL,5,2,71,0,0,14,68.1,47,18,3,23,2,73,2,NULL,RP
montgjo01,"Jordan Montgomery",TOT,MLB,9,6,32,1,1,0,178.1,159,69,21,36,0,158,8,NULL,SP
moorema02,"Matt Moore",TEX,AL,5,2,63,0,0,5,74,49,16,3,38,2,83,1,NULL,RP
moralfr02,"Francisco Morales",PHI,NL,0,0,3,0,0,1,5,2,4,1,6,0,3,1,NULL,RP
moranbr01,"Brian Moran",LAA,AL,0,0,1,0,0,0,0.1,3,2,1,1,1,0,0,NULL,RP
moranjo01,"Jovani Moran",MIN,AL,0,1,31,0,0,1,40.2,25,10,0,18,0,54,0,NULL,RP
morejad01,"Adrián Morejón",SDP,NL,5,1,26,0,0,0,34,31,16,4,9,1,28,1,NULL,RP
moretda01,"Dauri Moreta",CIN,NL,0,2,35,0,0,1,38.1,32,23,10,13,1,39,4,NULL,RP
morgael01,"Eli Morgan",CLE,AL,5,3,50,0,0,0,66.2,46,25,10,13,0,72,2,NULL,RP
moronre01,"Reyes Moronta",TOT,NL,2,2,39,0,0,2,37.2,30,18,5,18,1,38,2,NULL,RP
morrico01,"Cody Morris",CLE,AL,1,2,7,0,0,0,23.2,21,6,3,12,0,23,0,NULL,SP
mortoch02,"Charlie Morton",ATL,NL,9,6,31,0,0,0,172,149,83,28,63,0,205,18,NULL,SP
mulleky01,"Kyle Muller",ATL,NL,1,1,3,0,0,0,12.1,13,11,2,8,0,12,0,NULL,SP
munozan01,"Andres Munoz",SEA,AL,2,5,64,0,0,4,65,43,18,5,15,3,96,4,NULL,RP
murfepe01,"Penn Murfee",SEA,AL,4,0,64,0,0,0,69.1,48,23,7,18,1,76,2,NULL,RP
murphpa02,"Patrick Murphy",WSN,NL,0,0,6,0,0,0,5.2,8,4,0,8,0,4,0,NULL,RP
musgrjo01,"Joe Musgrove",SDP,NL,10,7,30,0,0,0,181,154,59,22,42,1,184,14,NULL,SP
mushipa01,"Parker Mushinski",HOU,AL,0,0,7,0,0,0,7.1,5,3,0,3,0,8,1,NULL,RP
naileja01,"James Naile",STL,NL,0,0,7,0,0,0,9,8,5,2,2,0,5,0,NULL,RP
nanceto01,"Tommy Nance",MIA,NL,2,3,35,0,0,0,43.2,45,21,5,21,3,57,4,NULL,RP
nardian01,"Andrew Nardi",MIA,NL,1,1,13,0,0,0,14.2,25,16,5,14,0,24,0,NULL,RP
naughpa01,"Packy Naughton",STL,NL,0,2,26,0,0,1,32,39,17,3,7,1,31,1,NULL,RP
neideni01,"Nick Neidert",MIA,NL,0,1,1,0,0,0,5,5,2,1,0,0,3,0,NULL,SP
nelsoky01,"Kyle Nelson",ARI,NL,2,1,43,0,0,0,37,26,9,1,14,0,30,3,NULL,RP
nelsoni01,"Nick Nelson",PHI,NL,3,2,47,0,0,1,68.2,66,37,1,36,0,69,4,NULL,RP
nelsory01,"Ryne Nelson",ARI,NL,1,1,3,0,0,0,18.1,9,3,2,6,1,16,0,NULL,SP
nerishe01,"Hector Neris",HOU,AL,6,4,70,0,0,3,65.1,49,27,3,17,0,79,6,NULL,RP
newcose01,"Sean Newcomb",TOT,NL,2,1,20,0,0,0,27.2,33,27,8,19,0,28,0,NULL,RP
nittovi01,"Vinny Nittoli",PHI,NL,0,0,2,0,0,0,2,0,0,0,1,0,1,1,NULL,RP
nogosst01,"Stephen Nogosek",NYM,NL,1,1,12,0,0,0,22,20,6,4,7,0,21,1,NULL,RP
nolaaa01,"Aaron Nola",PHI,NL,11,13,32,2,1,0,205,168,74,19,29,1,235,9,NULL,SP
norrida01,"Daniel Norris",TOT,MLB,2,4,41,0,0,0,58.2,45,34,11,29,0,66,7,NULL,RP
norwoja01,"James Norwood",PHI,NL,1,0,20,0,0,0,17.1,24,16,2,9,0,22,0,NULL,RP
oberba01,"Bailey Ober",MIN,AL,2,3,11,0,0,0,56,48,20,4,11,0,51,2,NULL,SP
obrieri01,"Riley O'Brien",SEA,AL,0,0,1,0,0,0,1,1,0,0,1,0,1,0,NULL,RP
odayda01,"Darren O'Day",ATL,NL,2,2,28,0,0,0,21.2,19,10,3,10,2,26,1,NULL,RP
odorija01,"Jake Odorizzi",TOT,MLB,6,6,22,0,0,0,106.1,106,52,14,35,1,86,3,NULL,SP
ogandcr01,"Cristofer Ogando",TBR,AL,0,0,3,0,0,0,4.1,4,2,0,1,0,2,1,NULL,RP
ohtansh01,"Shohei Ohtani",LAA,AL,15,9,28,0,0,0,166,124,43,14,44,0,219,2,NULL,SP
okertst01,"Steven Okert",MIA,NL,5,5,60,0,0,0,51.1,34,17,7,26,2,63,7,NULL,RP
ollerad01,"Adam Oller",OAK,AL,2,8,19,0,0,0,74.1,82,52,17,39,0,46,2,NULL,SP
ortegol01,"Oliver Ortega",LAA,AL,1,3,27,0,0,1,34,32,14,5,18,0,33,1,NULL,RP
ortizlu02,"Luis Ortiz",SFG,NL,0,0,6,0,0,0,8.2,5,1,0,3,0,6,0,NULL,RP
ortizlu03,"Luis Ortiz",PIT,NL,0,2,4,0,0,0,16,8,8,1,10,0,17,0,NULL,SP
ortka01,"Kaleb Ort",BOS,AL,1,2,25,0,0,1,28.1,35,20,4,15,2,27,2,NULL,RP
ottavad01,"Adam Ottavino",NYM,NL,6,3,66,0,0,3,65.2,48,15,6,16,2,79,5,NULL,RP
ottogl01,"Glenn Otto",TEX,AL,7,10,27,0,0,0,135.2,119,70,21,62,0,107,13,NULL,SP
overtco01,"Connor Overton",CIN,NL,1,0,6,0,0,0,33,21,10,1,11,0,14,0,NULL,SP
oviedjo01,"Johan Oviedo",TOT,NL,4,3,21,0,0,0,56,49,20,5,23,0,54,3,NULL,RP
paddach01,"Chris Paddack",MIN,AL,1,2,5,0,0,0,22.1,25,10,0,2,0,20,1,NULL,SP
padilni01,"Nicholas Padilla",CHC,NL,0,0,1,0,0,0,1.2,2,1,0,2,0,1,0,NULL,RP
paganem01,"Emilio Pagan",MIN,AL,4,6,59,0,0,9,63,60,31,12,26,2,84,1,NULL,RP
pallaan01,"Andre Pallante",STL,NL,6,5,47,0,0,0,108,113,38,9,40,2,73,1,NULL,RP
pareden01,"Enoli Paredes",HOU,AL,0,0,3,0,0,0,3,3,1,0,3,0,2,0,NULL,RP
patinlu01,"Luis Patino",TBR,AL,1,2,6,0,0,0,20,26,18,6,13,1,11,1,NULL,SP
pattosp01,"Spencer Patton",TEX,AL,0,0,7,0,0,0,7,4,3,1,3,0,5,2,NULL,RP
payamjo01,"Joel Payamps",TOT,AL,3,6,41,0,0,0,55.2,60,20,7,16,2,41,2,NULL,RP
peacoma01,"Matt Peacock",TOT,MLB,0,0,9,0,0,0,10,12,6,1,4,0,6,0,NULL,RP
pegueel01,"Elvis Peguero",LAA,AL,0,0,13,0,0,0,17.1,23,13,4,5,0,12,0,NULL,RP
pepiory01,"Ryan Pepiot",LAD,NL,3,0,9,0,0,0,36.1,26,14,6,27,0,42,3,NULL,SP
peralfr01,"Freddy Peralta",MIL,NL,4,4,18,0,0,0,78,54,31,6,27,0,86,3,NULL,SP
peralwa01,"Wandy Peralta",NYY,AL,3,4,56,0,0,4,56.1,42,17,2,17,1,47,1,NULL,RP
peralwi01,"Wily Peralta",DET,AL,2,0,28,0,0,0,38.1,34,11,2,24,0,32,1,NULL,RP
perdolu02,"Luis Perdomo",MIL,NL,3,0,14,0,0,0,23.2,24,10,4,3,0,12,1,NULL,RP
perezci01,"Cionel Pérez",BAL,AL,7,1,66,0,0,1,57.2,46,9,2,21,1,55,1,NULL,RP
perezfr01,"Francisco Perez",WSN,NL,0,0,10,0,0,0,8.2,13,7,2,9,0,7,0,NULL,RP
perezma02,"Martin Perez",TEX,AL,12,8,32,1,1,0,196.1,178,63,11,69,0,169,6,NULL,SP
perezol01,"Oliver Perez",ARI,NL,1,1,7,0,0,0,4,8,7,1,1,0,1,1,NULL,RP
peterda01,"David Peterson",NYM,NL,7,5,28,0,0,0,105.2,93,45,11,48,1,126,7,NULL,SP
peterdi01,"Dillon Peters",PIT,NL,5,2,22,0,0,0,39.1,35,20,5,17,0,26,0,NULL,RP
phelpda01,"David Phelps",TOR,AL,0,2,65,0,0,1,63.2,52,20,2,31,0,64,4,NULL,RP
phillev01,"Evan Phillips",LAD,NL,7,3,64,0,0,2,63,33,8,2,15,1,77,3,NULL,RP
pilkiko01,"Konnor Pilkington",CLE,AL,1,2,15,0,0,0,58,53,25,6,32,0,50,2,NULL,SP
pinedmi01,"Michael Pineda",DET,AL,2,7,11,0,0,0,46.2,58,30,13,8,0,26,0,NULL,SP
pivetni01,"Nick Pivetta",BOS,AL,10,12,33,1,0,0,179.2,175,91,27,73,0,175,5,NULL,SP
plassmi01,"Michael Plassmeyer",PHI,NL,0,1,2,0,0,0,7.1,9,3,1,1,0,7,0,NULL,RP
plesaza01,"Zach Plesac",CLE,AL,3,12,25,0,0,0,131.2,136,63,19,38,0,100,5,NULL,SP
pocheco01,"Colin Poche",TBR,AL,4,2,65,0,0,7,58.2,46,26,11,22,0,64,1,NULL,RP
poppese01,"Sean Poppen",ARI,NL,2,2,29,0,0,0,28.2,27,14,5,12,3,22,1,NULL,RP
popza01,"Zach Pop",TOT,MLB,4,0,35,0,0,0,39,41,12,2,4,0,25,2,NULL,RP
poteeco01,"Cody Poteet",MIA,NL,0,1,12,0,0,0,28,23,12,4,11,0,21,0,NULL,RP
pressry01,"Ryan Pressly",HOU,AL,3,3,50,0,0,33,48.1,30,16,4,13,0,65,0,NULL,CP
priceda01,"David Price",LAD,NL,2,0,40,0,0,2,40.1,38,11,6,9,2,37,0,NULL,RP
pruitau01,"Austin Pruitt",OAK,AL,0,1,39,0,0,1,55.1,48,26,11,9,0,38,1,NULL,RP
pukaj01,"A.J. Puk",OAK,AL,4,3,62,0,0,4,66.1,53,23,7,23,3,76,10,NULL,RP
quantca01,"Cal Quantrill",CLE,AL,15,5,32,0,0,0,186.1,178,70,21,47,0,128,10,NULL,SP
quijajo01,"Jose Quijada",LAA,AL,0,5,42,0,0,3,40.2,25,18,5,21,4,52,2,NULL,RP
quintjo01,"Jose Quintana",TOT,NL,6,7,32,0,0,0,165.2,154,54,8,47,1,137,3,NULL,SP
raganco01,"Cole Ragans",TEX,AL,0,3,9,0,0,0,40,43,22,6,16,0,27,0,NULL,SP
raineta01,"Tanner Rainey",WSN,NL,1,3,29,0,0,12,30,26,11,5,13,0,36,0,NULL,RP
raleybr01,"Brooks Raley",TBR,AL,1,2,60,0,0,6,53.2,37,16,3,15,0,61,6,NULL,RP
ramirer02,"Erasmo Ramirez",WSN,NL,4,2,60,0,0,0,86.1,79,28,11,14,1,61,6,NULL,RP
ramirno01,"Noe Ramirez",ARI,NL,5,4,55,0,0,0,50,45,29,9,26,2,51,3,NULL,RP
ramiryo01,"Yohan Ramirez",TOT,MLB,4,1,30,0,0,1,37.1,32,19,4,20,1,32,6,NULL,RP
rasmudr01,"Drew Rasmussen",TBR,AL,11,7,28,0,0,0,146,121,46,13,31,0,125,3,NULL,SP
rayro02,"Robbie Ray",SEA,AL,12,12,32,0,0,0,189,163,78,32,62,0,212,7,NULL,SP
reedja02,"Jake Reed",TOT,MLB,2,0,18,0,0,1,16.2,17,13,2,8,0,13,3,NULL,RP
reidfse01,"Sean Reid-Foley",NYM,NL,0,0,7,0,0,0,10,7,6,1,7,0,8,1,NULL,RP
reyesde02,"Denyi Reyes",BAL,AL,0,0,3,0,0,0,7.2,8,2,0,1,0,3,0,NULL,RP
reyesge01,"Gerardo Reyes",LAA,AL,0,0,2,0,0,0,2,3,1,1,3,0,0,0,NULL,RP
richaga01,"Garrett Richards",TEX,AL,1,1,32,0,0,1,42.2,44,25,3,13,0,36,3,NULL,RP
richatr01,"Trevor Richards",TOR,AL,3,2,62,0,0,0,64,57,38,9,35,1,82,1,NULL,RP
roberda08,"David Robertson",TOT,NL,4,3,58,0,0,20,63.2,39,17,6,35,1,81,3,NULL,CP
roberet01,"Ethan Roberts",CHC,NL,0,1,9,0,0,0,7.2,10,7,3,6,0,9,1,NULL,RP
rodonca01,"Carlos Rodon",SFG,NL,14,8,31,1,0,0,178,131,57,12,52,0,237,3,NULL,SP
rodride01,"Dereck Rodriguez",MIN,AL,0,1,2,0,0,0,7.2,7,3,3,4,1,4,0,NULL,RP
rodried05,"Eduardo Rodriguez",DET,AL,5,5,17,0,0,0,91,87,41,12,34,0,72,2,NULL,SP
rodriel02,"Elvin Rodriguez",DET,AL,0,4,7,0,0,0,29.2,42,35,12,15,1,25,1,NULL,SP
rodrijo06,"Joely Rodriguez",NYM,NL,2,4,55,0,0,0,50.1,42,25,3,26,1,57,1,NULL,RP
rodrima01,"Manuel Rodríguez",CHC,NL,2,0,14,0,0,4,13.2,10,5,1,9,0,8,0,NULL,RP
rodriye01,"Yerry Rodriguez",TEX,AL,0,0,1,0,0,0,1,1,0,0,0,0,1,0,NULL,RP
rogerjo01,"Josh Rogers",WSN,NL,2,2,16,0,0,0,26.1,24,15,6,11,0,12,0,NULL,RP
rogerta01,"Taylor Rogers",TOT,NL,4,8,66,0,0,31,64.1,57,34,7,19,2,84,11,NULL,CP
rogertr01,"Trevor Rogers",MIA,NL,4,11,23,0,0,0,107,116,65,15,45,0,106,5,NULL,SP
rogerty01,"Tyler Rogers",SFG,NL,3,4,68,0,0,0,75.2,73,30,3,23,0,49,5,NULL,RP
romanjo03,"Jordan Romano",TOR,AL,5,4,63,0,0,36,64,44,15,4,21,4,73,4,NULL,CP
romerjh01,"Jhon Romero",MIN,AL,0,0,4,0,0,0,5,9,2,0,1,0,6,0,NULL,RP
romerjo01,"JoJo Romero",TOT,NL,0,0,17,0,0,0,16.1,13,9,3,10,0,17,0,NULL,RP
romerto01,"Tommy Romero",TOT,MLB,1,1,4,0,0,0,8.1,11,10,7,9,0,7,0,NULL,RP
romose01,"Sergio Romo",TOT,AL,0,1,23,0,0,0,18,19,15,7,6,1,14,0,NULL,RP
rondoan01,"Angel Rondon",STL,NL,1,0,1,0,0,0,5,1,0,0,3,0,4,0,NULL,RP
rosenke01,"Kenny Rosenberg",LAA,AL,0,0,3,0,0,0,10.2,9,5,1,6,0,8,0,NULL,RP
rossmbu01,"Bubby Rossman",PHI,NL,0,0,1,0,0,0,1,1,2,1,1,0,1,0,NULL,RP
ruckemi01,"Michael Rucker",CHC,NL,3,1,41,0,0,0,54.2,50,24,8,20,0,50,0,NULL,RP
ruizjo01,"Jose Ruiz",CHW,AL,1,0,63,0,0,0,60.2,53,31,9,33,0,68,0,NULL,RP
ruizno01,"Norge Ruíz",OAK,AL,0,1,14,0,0,0,19,30,15,4,7,0,18,2,NULL,RP
ryanjo04,"Joe Ryan",MIN,AL,13,8,27,0,0,0,147,115,58,20,47,0,151,10,NULL,SP
ryuhy01,"Hyun Jin Ryu",TOR,AL,2,0,6,0,0,0,27,32,17,5,4,0,16,0,NULL,SP
sadzeco01,"Connor Sadzeck",MIL,NL,0,0,2,0,0,0,3,4,3,2,1,0,2,0,NULL,RP
salech01,"Chris Sale",BOS,AL,0,1,2,0,0,0,5.2,5,2,0,1,0,5,1,NULL,SP
sampsad01,"Adrian Sampson",CHC,NL,4,5,21,0,0,0,104.1,101,36,10,27,0,73,2,NULL,SP
sanchaa01,"Aaron Sanchez",TOT,MLB,3,4,15,0,0,0,60,78,44,8,15,1,41,5,NULL,SP
sanchan01,"Anibal Sanchez",WSN,NL,4,6,14,0,0,0,69.1,55,33,13,33,2,48,4,NULL,SP
sanchcr01,"Cristopher Sanchez",PHI,NL,2,2,15,0,0,1,40,38,25,5,17,1,35,4,NULL,RP
sanchmi01,"Miguel Sanchez",MIL,NL,1,1,12,0,0,0,13.1,12,6,3,8,2,9,0,NULL,RP
sandeph01,"Phoenix Sanders",TBR,AL,0,0,8,0,0,0,14.2,12,5,0,3,0,12,0,NULL,RP
sandlni01,"Nick Sandlin",CLE,AL,5,2,46,0,0,0,44,27,11,2,24,3,41,3,NULL,RP
sandopa02,"Patrick Sandoval",LAA,AL,6,9,27,1,1,0,148.2,139,48,8,60,0,151,5,NULL,SP
sandsco01,"Cole Sands",MIN,AL,0,3,11,0,0,1,30.2,35,20,4,13,0,28,5,NULL,RP
sanmare01,"Reiver Sanmartin",CIN,NL,4,4,45,0,0,0,57,66,40,8,29,2,47,0,NULL,RP
santade01,"Dennis Santana",TEX,AL,3,8,63,0,0,1,58.2,50,34,2,28,1,54,4,NULL,RP
santito01,"Tony Santillan",CIN,NL,0,1,21,0,0,4,19.2,23,12,1,12,1,21,4,NULL,RP
santogr01,"Gregory Santos",SFG,NL,0,0,2,0,0,0,3.2,3,2,0,3,0,2,0,NULL,RP
sauceta01,"Tayler Saucedo",TOR,AL,0,0,4,0,0,0,2.2,6,4,3,1,0,0,0,NULL,RP
sawamhi01,"Hirokazu Sawamura",BOS,AL,1,1,49,0,0,0,50.2,45,21,4,27,2,40,0,NULL,RP
sborzjo01,"Josh Sborz",TEX,AL,1,0,19,0,0,0,22.1,25,16,4,11,1,32,0,NULL,RP
scherma01,"Max Scherzer",NYM,NL,11,5,23,0,0,0,145.1,108,37,13,24,0,173,11,NULL,SP
schmicl01,"Clarke Schmidt",NYY,AL,5,5,29,0,0,2,57.2,46,20,5,23,3,56,2,NULL,RP
schrejo01,"John Schreiber",BOS,AL,4,4,64,0,0,8,65,45,16,3,19,0,74,4,NULL,RP
scottta01,"Tanner Scott",MIA,NL,4,5,67,0,0,20,62.2,55,30,5,46,1,90,4,NULL,CP
scottta02,"Tayler Scott",SDP,NL,0,1,8,0,0,0,12,19,9,1,6,0,13,0,NULL,RP
seaboco01,"Connor Seabold",BOS,AL,0,4,5,0,0,0,18.1,35,23,5,8,0,19,3,NULL,SP
searsjp01,"JP Sears",TOT,AL,6,3,17,0,0,0,70,67,30,8,23,1,51,2,NULL,SP
sedloco01,"Cody Sedlock",BAL,AL,0,0,1,0,0,0,3,6,5,0,1,0,3,0,NULL,RP
selmasa01,"Sam Selman",OAK,AL,0,0,16,0,0,0,18.1,16,10,4,5,0,18,1,NULL,RP
senzaan01,"Antonio Senzatela",COL,NL,3,7,19,0,0,0,92.1,133,52,9,23,0,54,3,NULL,SP
severan01,"Anderson Severino",CHW,AL,0,0,6,0,0,0,7.1,7,5,0,4,0,9,2,NULL,RP
severlu01,"Luis Severino",NYY,AL,7,3,19,0,0,0,102,72,36,14,30,0,112,4,NULL,SP
sewalpa01,"Paul Sewald",SEA,AL,5,4,65,0,0,20,64,32,19,10,17,4,72,4,NULL,CP
shawbr01,"Bryan Shaw",CLE,AL,6,2,60,0,0,1,58.1,58,35,9,26,1,52,4,NULL,RP
sheffjo01,"Jordan Sheffield",COL,NL,0,0,2,0,0,0,2,2,0,0,2,0,1,0,NULL,RP
sheffju01,"Justus Sheffield",SEA,AL,1,0,6,0,0,0,11.2,9,5,1,6,0,7,1,NULL,RP
shrevch01,"Chasen Shreve",NYM,NL,1,1,25,0,0,0,26.1,27,19,6,10,1,29,0,NULL,RP
silsech01,"Chase Silseth",LAA,AL,1,3,7,0,0,0,28.2,33,21,7,12,0,24,1,NULL,SP
simslu01,"Lucas Sims",CIN,NL,1,0,6,0,0,1,6.2,5,7,0,6,0,5,1,NULL,RP
singebr01,"Brady Singer",KCR,AL,10,5,27,0,0,0,153.1,140,55,18,35,0,150,11,NULL,SP
skubata01,"Tarik Skubal",DET,AL,7,8,21,0,0,0,117.2,104,46,9,32,0,117,1,NULL,SP
smallet01,"Ethan Small",MIL,NL,0,0,2,0,0,0,6.1,8,5,1,8,0,7,0,NULL,SP
smeltde01,"Devin Smeltzer",MIN,AL,5,2,15,0,0,0,70.1,67,29,13,19,0,40,1,NULL,SP
smithca03,"Caleb Smith",ARI,NL,1,3,44,0,0,0,70,57,32,14,39,1,65,1,NULL,RP
smithch12,"Chad Smith",COL,NL,0,1,15,0,0,0,18,16,15,2,15,0,23,2,NULL,RP
smithdr01,"Drew Smith",NYM,NL,3,3,44,0,0,0,46,38,17,9,15,0,53,0,NULL,RP
smithjo05,"Joe Smith",MIN,AL,1,1,34,0,0,0,27.1,33,14,7,9,1,17,1,NULL,RP
smithwi04,"Will Smith",TOT,MLB,0,3,65,0,0,5,59,58,26,9,25,3,65,2,NULL,RP
smylydr01,"Drew Smyly",CHC,NL,7,8,22,0,0,0,106.1,101,41,16,26,0,91,5,NULL,SP
sneadki01,"Kirby Snead",OAK,AL,1,1,46,0,0,1,44.2,56,29,5,22,3,35,2,NULL,RP
snellbl01,"Blake Snell",SDP,NL,8,10,24,0,0,0,128,103,48,11,51,0,171,2,NULL,SP
snideco01,"Collin Snider",KCR,AL,4,2,42,0,0,0,34.1,40,25,3,15,0,22,2,NULL,RP
snydeni01,"Nicklaus Snyder",TEX,AL,0,0,2,0,0,0,1,1,2,0,3,0,0,0,NULL,RP
solomja01,"Jared Solomon",CIN,NL,0,0,9,0,0,0,8.1,8,10,3,5,0,9,1,NULL,RP
sotogr01,"Gregory Soto",DET,AL,2,11,64,0,0,30,60.1,49,22,2,34,1,60,7,NULL,CP
sousabe01,"Bennett Sousa",CHW,AL,3,0,25,0,0,1,20.1,25,19,3,10,1,12,1,NULL,RP
speiega01,"Gabe Speier",KCR,AL,0,1,17,0,0,0,19.1,16,5,2,5,0,14,0,NULL,RP
sprinje01,"Jeffrey Springs",TBR,AL,9,5,33,0,0,0,135.1,114,37,14,31,0,144,1,NULL,SP
stammcr01,"Craig Stammen",SDP,NL,1,2,33,0,0,0,40.2,45,20,9,10,0,35,2,NULL,RP
stanery01,"Ryne Stanek",HOU,AL,2,1,59,0,0,1,54.2,36,7,2,31,1,62,0,NULL,RP
stashco01,"Cody Stashak",MIN,AL,3,0,11,0,0,0,16.1,16,7,1,0,0,15,0,NULL,RP
staumjo01,"Josh Staumont",KCR,AL,3,3,42,0,0,3,37.2,37,27,3,29,0,43,1,NULL,RP
steckdr01,"Drew Steckenrider",SEA,AL,0,2,16,0,0,2,14.1,21,9,2,5,0,10,0,NULL,RP
steelju01,"Justin Steele",CHC,NL,4,7,24,0,0,0,119,111,42,8,50,0,126,3,NULL,SP
stephja01,"Jackson Stephens",ATL,NL,3,3,39,0,0,2,53.2,49,22,3,23,4,47,3,NULL,RP
stephro01,"Robert Stephenson",TOT,NL,2,2,58,0,0,0,58,63,35,10,14,1,55,1,NULL,RP
stephtr01,"Trevor Stephan",CLE,AL,6,5,66,0,0,3,63.2,57,19,3,18,2,82,4,NULL,RP
stjohlo01,"Locke St. John",CHC,NL,0,0,1,0,0,0,2,3,3,2,0,0,4,0,NULL,RP
stouter01,"Eric Stout",TOT,NL,0,0,20,0,0,1,22.1,25,14,2,16,1,25,3,NULL,RP
strahma01,"Matt Strahm",BOS,AL,4,4,50,0,0,4,44.2,38,19,5,17,1,52,5,NULL,RP
strasst01,"Stephen Strasburg",WSN,NL,0,1,1,0,0,0,4.2,8,7,1,2,0,5,1,NULL,SP
stratch01,"Chris Stratton",TOT,NL,10,4,60,0,0,2,63.1,72,30,4,25,2,60,2,NULL,RP
strichu01,"Hunter Strickland",CIN,NL,3,3,66,0,0,7,62.1,61,34,8,33,1,60,7,NULL,RP
stridsp01,"Spencer Strider",ATL,NL,11,5,31,0,0,0,131.2,86,39,7,45,1,202,3,NULL,SP
stripro01,"Ross Stripling",TOR,AL,10,4,32,0,0,1,134.1,117,45,12,20,0,111,2,NULL,SP
stromma01,"Marcus Stroman",CHC,NL,6,7,25,0,0,0,138.2,123,54,16,36,0,119,4,NULL,SP
strzepe01,"Peter Strzelecki",MIL,NL,2,1,30,0,0,1,35,28,11,2,15,2,40,1,NULL,RP
suarejo01,"Jose Suarez",LAA,AL,8,8,22,0,0,0,109,103,48,14,33,2,103,4,NULL,SP
suarera01,"Ranger Suarez",PHI,NL,10,7,29,0,0,0,155.1,149,63,15,58,0,129,2,NULL,SP
suarero01,"Robert Suarez",SDP,NL,5,1,45,0,0,1,47.2,29,12,4,21,0,61,4,NULL,RP
sulsebe01,"Beau Sulser",TOT,MLB,0,0,10,0,0,0,22.1,24,9,3,9,2,19,1,NULL,RP
sulseco01,"Cole Sulser",MIA,NL,1,4,39,0,0,2,34,39,20,6,16,1,38,0,NULL,RP
suterbr01,"Brent Suter",MIL,NL,5,3,54,0,0,0,66.2,58,28,9,22,0,53,3,NULL,RP
swanser01,"Erik Swanson",SEA,AL,3,2,57,0,0,3,53.2,39,10,3,10,1,70,1,NULL,RP
swarmma01,"Matt Swarmer",CHC,NL,2,3,11,0,0,0,34,33,19,12,20,1,36,0,NULL,RP
syndeno01,"Noah Syndergaard",TOT,MLB,10,10,25,1,0,0,134.2,138,59,14,31,0,95,4,NULL,SP
szaputh01,"Thomas Szapucki",TOT,NL,0,1,11,0,0,0,15,19,12,6,7,0,18,0,NULL,RP
taillja01,"Jameson Taillon",NYY,AL,14,5,32,0,0,0,177.1,168,77,26,32,0,151,5,NULL,Sp
tapiado01,"Domingo Tapia",OAK,AL,0,0,11,0,0,0,17,25,16,1,14,1,12,1,NULL,RP
tarnofr01,"Freddy Tarnok",ATL,NL,0,0,1,0,0,0,0.2,1,0,0,0,0,1,0,NULL,RP
tatedi01,"Dillon Tate",BAL,AL,4,4,67,0,0,5,73.2,57,25,6,16,2,60,7,NULL,RP
taylobl01,"Blake Taylor",HOU,AL,1,1,19,0,0,0,16,15,7,1,10,0,9,1,NULL,RP
teperry01,"Ryan Tepera",LAA,AL,5,4,59,0,0,6,57.1,42,23,7,20,3,47,2,NULL,RP
tetreja01,"Jackson Tetreault",WSN,NL,2,2,4,0,0,0,21,23,12,4,10,0,9,0,NULL,SP
thielca01,"Caleb Thielbar",MIN,AL,4,3,67,0,0,1,59.1,51,23,5,18,1,80,0,NULL,RP
thompke02,"Keegan Thompson",CHC,NL,10,5,29,0,0,1,115,103,48,16,43,0,108,9,NULL,SP
thompma02,"Mason Thompson",WSN,NL,1,1,24,0,0,1,24.2,19,8,2,9,0,15,1,NULL,RP
thompry02,"Ryan Thompson",TBR,AL,3,3,47,0,0,3,42.2,39,18,4,11,2,39,2,NULL,RP
thompza01,"Zach Thompson",PIT,NL,3,10,29,0,0,0,121.2,138,70,19,46,0,90,3,NULL,SP
thompza02,"Zack Thompson",STL,NL,1,1,22,0,0,1,34.2,20,8,3,14,0,27,0,NULL,RP
thorntr01,"Trent Thornton",TOR,AL,0,2,32,0,0,0,46,40,21,7,17,0,37,1,NULL,RP
thornty01,"Tyler Thornburg",TOT,MLB,0,1,14,0,0,0,19,16,7,1,11,0,14,1,NULL,RP
tinocje01,"Jesus Tinoco",TEX,AL,0,0,17,0,0,0,20.2,12,5,2,10,0,18,1,NULL,RP
topaju01,"Justin Topa",MIL,NL,0,0,7,0,0,0,7.1,9,4,0,4,1,4,0,NULL,RP
toussto01,"Touki Toussaint",LAA,AL,1,1,8,0,0,0,25.1,15,13,2,19,0,26,4,NULL,RP
treinbl01,"Blake Treinen",LAD,NL,1,1,5,0,0,0,5,1,1,1,1,0,6,0,NULL,RP
trivilo01,"Lou Trivino",TOT,AL,2,8,64,0,0,11,53.2,64,27,6,24,2,67,4,NULL,RP
tullyta01,"Tanner Tully",CLE,AL,0,0,3,0,0,0,6,8,4,1,6,1,2,0,NULL,RP
tylerky01,"Kyle Tyler",SDP,NL,1,0,2,0,0,0,4,2,0,0,1,0,2,0,NULL,RP
ucetaed01,"Edwin Uceta",ARI,NL,0,0,10,0,0,0,17,14,11,2,7,0,13,1,NULL,RP
uelmeer01,"Erich Uelmen",CHC,NL,2,1,25,0,0,1,27,25,14,3,12,1,21,6,NULL,RP
underdu01,"Duane Underwood Jr.",PIT,NL,1,6,51,0,0,1,57.1,58,28,1,25,1,57,5,NULL,RP
urenajo01,"Jose Urena",TOT,NL,3,8,21,0,0,0,97,109,54,11,43,0,63,1,NULL,SP
uriasju01,"Julio Urias",LAD,NL,17,7,31,0,0,0,175,127,42,23,41,0,166,5,NULL,SP
urquijo01,"Jose Urquidy",HOU,AL,13,8,29,0,0,0,164.1,154,72,29,38,0,134,7,NULL,SP
valdece01,"Cesar Valdez",LAA,AL,0,0,1,0,0,0,1,2,1,0,0,0,0,0,NULL,RP
valdefr01,"Framber Valdez",HOU,AL,17,6,31,3,1,0,201.1,166,63,11,67,0,194,11,NULL,SP
valdeph01,"Phillips Valdez",BOS,AL,0,1,13,0,0,0,16.1,12,8,0,7,0,13,6,NULL,RP
varlalo01,"Louie Varland",MIN,AL,1,2,5,0,0,0,26,26,11,4,6,1,21,1,NULL,SP
vasquan02,"Andrew Vasquez",TOT,MLB,0,0,10,0,0,0,8.2,6,6,1,4,0,10,3,NULL,RP
velasvi01,"Vince Velasquez",CHW,AL,3,3,27,0,0,0,75.1,68,40,11,25,0,69,2,NULL,RP
verhadr01,"Drew VerHagen",STL,NL,3,1,19,0,0,0,21.2,27,16,5,14,1,18,1,NULL,RP
verlaju01,"Justin Verlander",HOU,AL,18,4,28,0,0,0,175,116,34,12,29,0,185,6,NULL,SP
vesiaal01,"Alex Vesia",LAD,NL,5,0,63,0,0,1,54.1,37,13,2,24,1,79,2,NULL,RP
vespini01,"Nick Vespi",BAL,AL,5,0,25,0,0,1,26.1,29,12,5,8,1,28,1,NULL,RP
vestwi01,"Will Vest",DET,AL,3,3,59,0,0,1,63,62,28,6,22,0,63,3,NULL,RP
vieauca01,"Cam Vieaux",PIT,NL,0,0,8,0,0,0,8.2,15,10,2,5,0,15,1,NULL,RP
vizcaar01,"Arodys Vizcaino",KCR,AL,0,0,7,0,0,0,5.2,4,4,1,7,0,3,0,NULL,RP
vothau01,"Austin Voth",TOT,MLB,5,4,41,0,0,0,101.2,111,49,14,31,0,90,3,NULL,RP
wachami01,"Michael Wacha",BOS,AL,11,2,23,1,1,0,127.1,111,47,18,31,0,104,4,NULL,SP
wainwad01,"Adam Wainwright",STL,NL,11,12,32,1,0,0,191.2,192,79,16,54,1,143,7,NULL,SP
waiteco01,"Cole Waites",SFG,NL,0,0,7,0,0,0,5.2,6,2,1,4,0,4,0,NULL,RP
waldike01,"Ken Waldichuk",OAK,AL,2,2,7,0,0,0,34.2,32,19,5,10,0,33,4,NULL,SP
walketa01,"Taijuan Walker",NYM,NL,12,5,29,0,0,0,157.1,143,61,15,45,1,132,6,NULL,SP
walshja02,"Jake Walsh",STL,NL,0,1,3,0,0,0,2.2,3,4,0,2,0,5,1,NULL,RP
waltena01,"Nash Walters",LAA,AL,0,0,1,0,0,0,0.1,1,0,0,1,0,0,0,NULL,RP
wantzan01,"Andrew Wantz",LAA,AL,2,1,42,0,0,0,50.1,37,18,8,21,0,52,2,NULL,RP
warrear01,"Art Warren",CIN,NL,2,3,39,0,0,3,36,37,26,6,22,1,40,2,NULL,RP
warreau01,"Austin Warren",LAA,AL,2,0,14,0,0,0,16,19,10,3,5,2,9,0,NULL,RP
watkisp01,"Spenser Watkins",BAL,AL,5,6,23,0,0,0,105.1,119,55,11,30,0,63,4,NULL,SP
weathry01,"Ryan Weathers",SDP,NL,0,0,1,0,0,0,3.2,6,4,0,4,0,3,0,NULL,SP
weavelu01,"Luke Weaver",TOT,MLB,1,1,26,0,0,0,35.2,52,26,1,13,0,38,3,NULL,SP
webblo01,"Logan Webb",SFG,NL,15,9,32,0,0,0,192.1,174,62,11,49,0,163,7,NULL,SP
weberry01,"Ryan Weber",NYY,AL,0,0,5,0,0,1,10.2,6,1,1,1,0,3,0,NULL,RP
weemsjo01,"Jordan Weems",WSN,NL,0,1,32,0,0,0,39.2,35,23,7,12,1,41,0,NULL,RP
weissgr01,"Greg Weissert",NYY,AL,3,0,12,0,0,0,11.1,6,7,1,5,0,11,2,NULL,RP
weissza01,"Zack Weiss",LAA,AL,0,1,12,0,0,0,13.1,7,5,2,7,2,18,1,NULL,RP
wellsal01,"Alex Wells",BAL,AL,0,0,2,0,0,0,3.2,5,2,2,0,0,6,0,NULL,RP
wellsty01,"Tyler Wells",BAL,AL,7,7,23,0,0,0,103.2,90,49,16,28,0,76,2,NULL,SP
wendejb01,"J.B. Wendelken",ARI,NL,2,1,29,0,0,0,29,25,17,4,14,0,21,1,NULL,RP
wentzjo01,"Joey Wentz",DET,AL,2,2,7,0,0,0,32.2,23,11,2,13,0,27,1,NULL,SP
wesneha01,"Hayden Wesneski",CHC,NL,3,2,6,0,0,0,33,24,8,3,7,0,33,3,NULL,SP
wheelza01,"Zack Wheeler",PHI,NL,12,7,26,0,0,0,153,125,48,13,34,1,163,7,NULL,SP
whitemi03,"Mitch White",TOT,MLB,1,7,25,0,0,0,99,110,60,9,35,0,78,3,NULL,SP
whitlga01,"Garrett Whitlock",BOS,AL,4,2,31,0,0,6,78.1,65,30,10,15,0,82,1,NULL,RP
whitlko01,"Kodi Whitley",STL,NL,2,0,14,0,0,0,12.2,11,8,2,9,0,12,2,NULL,RP
wickro01,"Rowan Wick",CHC,NL,4,7,64,0,0,9,64,79,30,9,29,2,69,1,NULL,RP
widenta01,"Taylor Widener",ARI,NL,0,1,14,0,0,0,17.1,22,7,2,5,1,14,3,NULL,RP
wilesco01,"Collin Wiles",OAK,AL,0,0,4,0,0,0,9.2,11,5,1,2,0,9,1,NULL,RP
willide03,"Devin Williams",MIL,NL,6,4,65,0,0,15,60.2,31,13,2,30,1,96,3,NULL,CP
willitr01,"Trevor Williams",NYM,NL,3,5,30,0,0,1,89.2,87,32,12,23,1,84,4,NULL,SP
wilsobr02,"Bryse Wilson",PIT,NL,3,9,25,0,0,0,115.2,132,71,20,32,1,79,9,NULL,SP
wilsoju10,"Justin Wilson",CIN,NL,0,1,5,0,0,0,3.2,3,1,0,0,0,7,0,NULL,RP
wilsost02,"Steven Wilson",SDP,NL,4,2,50,0,0,1,53,36,18,7,20,0,53,3,NULL,RP
winckjo01,"Josh Winckowski",BOS,AL,5,7,15,0,0,0,70.1,85,46,10,27,1,44,2,NULL,SP
windejo01,"Josh Winder",MIN,AL,4,6,15,0,0,0,67,69,35,11,18,0,47,5,NULL,SP
wislema01,"Matt Wisler",TBR,AL,3,3,39,0,0,1,44,30,11,6,14,1,35,0,NULL,RP
wittgni01,"Nick Wittgren",STL,NL,1,0,29,0,0,1,29,35,19,1,10,0,17,4,NULL,RP
woodal02,"Alex Wood",SFG,NL,8,12,26,0,0,0,130.2,132,74,17,30,1,131,12,NULL,SP
woodfja01,"Jake Woodford",STL,NL,4,0,27,0,0,0,48.1,43,12,1,11,1,24,1,NULL,RP
woodrbr01,"Brandon Woodruff",MIL,NL,13,4,27,0,0,0,153.1,122,52,18,42,0,190,5,NULL,SP
woodssi01,"Simeon Woods Richardson",MIN,AL,0,1,1,0,0,0,5,3,2,1,2,0,3,0,NULL,RP
woodswi02,"William Woods",ATL,NL,0,0,2,0,0,0,2,2,0,0,1,0,2,0,NULL,RP
wrighky01,"Kyle Wright",ATL,NL,21,5,30,0,0,0,180.1,156,64,19,53,0,174,9,NULL,SP
yacabji01,"Jimmy Yacabonis",TOT,MLB,1,1,14,0,0,0,14,20,13,4,10,0,21,2,NULL,RP
yajurmi01,"Miguel Yajure",PIT,NL,1,1,12,0,0,1,24.1,31,24,3,16,1,16,2,NULL,RP
yarbrry01,"Ryan Yarbrough",TBR,AL,3,8,20,0,0,0,80,88,40,12,22,0,61,11,NULL,SP
yateski01,"Kirby Yates",ATL,NL,0,0,9,0,0,0,7,6,4,2,5,0,6,0,NULL,RP
ynoahu01,"Huascar Ynoa",ATL,NL,0,2,2,0,0,0,6.2,11,10,2,6,0,8,0,NULL,SP
youngal01,"Alex Young",TOT,MLB,1,1,25,0,0,0,26.2,29,7,0,11,0,21,1,NULL,RP
youngda02,"Danny Young",TOT,MLB,0,0,3,0,0,0,6.1,11,3,1,2,0,6,0,NULL,RP
zabalan01,"Aneurys Zabala",MIA,NL,0,0,2,0,0,0,2.2,3,0,0,1,0,2,0,NULL,RP
zastrro01,"Rob Zastryzny",TOT,MLB,0,0,6,0,0,0,4,3,3,0,1,0,3,0,NULL,RP
zerpaan01,"Angel Zerpa",KCR,AL,2,1,3,0,0,0,11,9,2,2,3,0,3,0,NULL,SP
zeuchtj01,"T.J. Zeuch",CIN,NL,0,3,3,0,0,0,10.2,24,18,5,7,0,5,3,NULL,SP
zimmebr02,"Bruce Zimmermann",BAL,AL,2,5,15,0,0,0,73.2,97,49,21,12,0,49,2,NULL,SP
