Id,Name,Tm,G,AB,R,H,2B,3B,HR,RBI,SB,CS,BB,SO,HBP,SF,IBB,Name-additional
1,CJ Abrams,TOT,90,284,33,70,12,2,2,21,7,4,5,50,9,2,0,abramcj01
2,Albert Abreu,TOT,1,0,0,0,0,0,0,0,0,0,0,0,0,0,0,abreual01
3,José Abreu,CHW,157,601,85,183,40,0,15,75,0,0,62,110,12,4,2,abreujo02
4,Ronald Acuna Jr.,ATL,119,467,71,124,24,0,15,50,29,11,53,126,10,3,4,acunaro01
5,Willy Adames,MIL,139,563,83,134,31,0,31,98,8,3,49,166,1,4,3,adamewi01
6,Riley Adams,WSN,48,142,14,25,4,0,5,10,0,1,12,46,1,0,0,adamsri03
7,Jo Adell,LAA,88,268,22,60,12,2,8,27,4,2,11,107,4,1,0,adelljo01
8,Ehire Adrianza,TOT,37,97,8,17,3,0,0,7,1,0,11,25,1,1,0,adriaeh01
9,Jesus Aguilar,TOT,129,464,39,109,19,0,16,51,1,0,28,119,4,5,1,aguilje01
10,Ryan Aguilar,LAA,7,22,2,3,1,0,0,2,0,0,2,14,1,1,0,aguilry01
11,Nick Ahmed,ARI,17,52,7,12,2,0,3,7,0,1,2,15,0,0,0,ahmedni01
12,Hanser Alberto,LAD,73,156,13,38,9,2,2,15,0,1,3,25,0,0,0,alberha01
13,Ozzie Albies,ATL,64,247,36,61,16,0,8,35,3,5,16,47,2,4,0,albieoz01
14,Sergio Alcantara,TOT,93,205,26,45,8,1,6,29,1,2,12,57,1,4,0,alcanse01
15,Scott Alexander,SFG,1,0,0,0,0,0,0,0,0,0,0,0,0,0,0,alexasc02
16,Jorge Alfaro,SDP,82,256,25,63,14,0,7,40,1,0,11,98,4,3,0,alfarjo01
17,Anthony Alford,PIT,2,4,0,1,0,0,0,0,0,0,0,2,0,0,0,alforan01
18,Austin Allen,OAK,5,14,1,1,0,0,0,0,0,0,1,9,1,0,0,allenau01
19,Greg Allen,PIT,46,118,17,22,4,0,2,8,8,2,10,42,2,1,0,allengr01
20,Nick Allen,OAK,100,299,31,62,13,0,4,19,3,2,19,64,1,1,0,allenni02
21,Abraham Almonte,BOS,15,35,7,9,2,0,1,2,1,0,1,12,1,0,0,almonab01
22,Albert Almora,CIN,64,215,26,48,10,1,5,29,3,2,17,46,1,1,0,almoral01
23,Pete Alonso,NYM,160,597,95,162,27,0,40,131,5,1,67,128,12,9,16,alonspe01
24,Jose Altuve,HOU,141,527,103,158,39,0,28,57,18,1,66,87,10,1,2,altuvjo01
25,Jose Alvarado,PHI,1,1,0,0,0,0,0,0,0,0,0,1,0,0,0,alvarjo03
26,Eddy Alvarez,LAD,14,25,1,4,0,0,0,3,1,0,0,9,0,1,0,alvared01
27,Francisco Álvarez,NYM,5,12,3,2,1,0,1,1,0,0,2,4,0,0,0,alvarfr01
28,Yordan Alvarez,HOU,135,470,95,144,29,2,37,97,1,1,78,106,6,7,9,alvaryo01
29,Brian Anderson,MIA,98,338,43,75,16,1,8,28,1,0,37,101,7,1,2,anderbr06
30,Tim Anderson,CHW,79,332,50,100,13,0,6,25,13,0,14,55,5,0,1,anderti01
31,Tyler Anderson,LAD,2,1,0,0,0,0,0,0,0,0,0,1,0,0,0,anderty01
32,Elvis Andrus,TOT,149,535,66,133,32,0,17,58,18,4,39,92,3,0,0,andruel01
33,Miguel Andujar,TOT,36,132,13,31,5,1,1,17,4,1,5,27,0,3,0,andujmi01
34,Mark Appel,PHI,1,0,0,0,0,0,0,0,0,0,0,0,0,0,0,appelma01
35,Aristides Aquino,CIN,80,259,24,51,13,0,10,30,2,3,17,101,0,0,0,aquinar01
36,Jonathan Aranda,TBR,32,78,10,15,4,0,2,6,0,0,8,23,1,0,1,arandjo01
37,Jonathan Arauz,TOT,15,38,3,5,0,0,1,5,0,0,1,12,0,1,0,arauzjo01
38,Orlando Arcia,ATL,67,209,25,51,9,0,9,30,0,0,21,51,2,2,0,arciaor01
39,Nolan Arenado,STL,148,557,73,163,42,1,30,103,5,3,52,72,7,4,3,arenano01
40,Gabriel Arias,CLE,16,47,9,9,1,1,1,5,1,0,8,16,1,0,0,ariasga01
41,Randy Arozarena,TBR,153,586,72,154,41,3,20,89,32,12,46,156,11,2,2,arozara01
42,Luis Arraez,MIN,144,547,88,173,31,1,8,49,4,4,50,43,3,3,2,arraelu01
43,Christian Arroyo,BOS,87,280,32,80,16,1,6,36,5,1,13,49,3,2,2,arroych01
44,Willians Astudillo,MIA,21,54,5,13,0,0,1,4,1,0,1,3,0,0,0,astudwi01
45,Jose Azocar,SDP,98,202,24,52,9,3,0,10,5,6,12,44,0,1,0,azocajo01
46,Akil Baddoo,DET,73,201,30,41,3,2,2,9,9,6,24,64,0,0,0,baddoak01
47,Harrison Bader,TOT,86,292,38,73,10,3,5,30,17,3,15,62,4,2,0,baderha01
48,Ji Hwan Bae,PIT,10,33,5,11,3,0,0,6,3,0,2,6,2,0,0,baeji01
49,Javier Baez,DET,144,555,64,132,27,4,17,67,9,2,26,147,6,3,1,baezja01
50,Rylan Bannon,TOT,5,14,0,2,0,0,0,0,0,0,0,5,1,0,0,bannory01
51,Daniel Bard,COL,3,0,0,0,0,0,0,0,0,0,0,0,0,0,0,bardda01
52,Joe Barlow,TEX,1,0,0,0,0,0,0,0,0,0,0,0,0,0,0,barlojo01
53,Scott Barlow,KCR,3,0,0,0,0,0,0,0,0,0,0,0,0,0,0,barlosc01
54,Austin Barnes,LAD,62,179,31,38,6,0,8,26,2,1,27,37,3,1,0,barneau01
55,Tucker Barnhart,DET,94,281,16,62,10,0,1,16,0,0,25,74,1,0,0,barnhtu01
56,Luis Barrera,OAK,32,77,3,18,5,0,1,7,3,0,6,17,1,1,0,barrelu01
57,Tres Barrera,WSN,19,50,2,9,1,0,0,4,0,0,2,16,0,0,0,barretr01
58,Jose Barrero,CIN,48,165,13,25,3,0,2,10,4,1,9,76,0,0,0,garcijo02
59,Joey Bart,SFG,97,261,34,56,6,0,11,25,2,1,26,112,4,0,0,bartjo01
60,Anthony Bass,TOT,1,0,0,0,0,0,0,0,0,0,0,0,0,0,0,bassan01
61,Matthew Batten,SDP,15,19,0,2,1,0,0,1,0,0,2,6,1,0,0,battema01
62,Brett Baty,NYM,11,38,4,7,0,0,2,5,0,0,2,8,1,0,0,batybr01
63,Félix Bautista,BAL,4,0,0,0,0,0,0,0,0,0,0,0,0,0,0,bautife01
64,Matt Beaty,SDP,20,43,6,4,1,1,0,1,0,0,2,8,2,0,0,beatyma01
65,Tim Beckham,MIN,12,25,1,2,0,0,0,1,0,0,0,9,0,0,0,beckhti01
66,David Bednar,PIT,1,0,0,0,0,0,0,0,0,0,0,0,0,0,0,bednada01
67,Seth Beer,ARI,38,111,4,21,3,0,1,9,0,0,11,31,3,1,1,beerse01
68,Josh Bell,TOT,156,552,78,147,29,3,17,71,0,1,81,102,5,6,4,belljo02
69,Andrew Bellatti,PHI,1,0,0,0,0,0,0,0,0,0,0,0,0,0,0,bellaan01
70,Cody Bellinger,LAD,144,504,70,106,27,3,19,68,14,3,38,150,2,6,0,bellico01
71,Brandon Belt,SFG,78,254,25,54,9,1,8,23,1,0,37,81,6,1,2,beltbr01
72,Anthony Bemboom,BAL,22,52,4,6,2,0,1,1,0,0,6,17,0,0,0,bemboan01
73,Andrew Benintendi,TOT,126,461,54,140,23,3,5,51,8,3,52,77,2,5,0,beninan01
74,Will Benson,CLE,28,55,8,10,1,0,0,3,0,0,3,19,2,0,0,bensowi01
75,Wynton Bernard,COL,12,42,9,12,1,0,0,3,3,1,0,8,0,0,0,bernawy01
76,Jon Berti,MIA,102,358,47,86,17,3,4,28,41,5,42,89,3,1,0,bertijo01
77,Christian Bethancourt,TOT,100,318,39,80,17,0,11,34,5,1,12,80,2,0,0,bethach01
78,Mookie Betts,LAD,142,572,117,154,40,3,35,82,12,2,55,104,8,4,0,bettsmo01
79,Bo Bichette,TOR,159,652,91,189,43,1,24,93,13,8,41,155,2,2,0,bichebo01
80,Phil Bickford,LAD,2,0,0,0,0,0,0,0,0,0,0,0,0,0,0,bickfph01
81,Cavan Biggio,TOR,97,257,43,52,18,1,6,24,2,0,38,85,6,1,0,biggica01
82,Charlie Blackmon,COL,135,530,60,140,22,6,16,78,4,1,32,109,8,3,4,blackch02
83,Dairon Blanco,KCR,5,7,1,2,0,0,0,2,1,0,0,4,0,0,0,blancda02
84,Travis Blankenhorn,NYM,1,3,0,0,0,0,0,0,0,0,0,1,0,0,0,blanktr01
85,JJ Bleday,MIA,65,204,21,34,10,2,5,16,4,1,30,67,2,2,0,bledajj01
86,Richard Bleier,MIA,1,0,0,0,0,0,0,0,0,0,0,0,0,0,0,bleieri01
87,Xander Bogaerts,BOS,150,557,84,171,38,0,15,73,8,2,57,118,10,7,2,bogaexa01
88,Alec Bohm,PHI,152,586,79,164,24,3,13,72,2,3,31,110,4,10,1,bohmal01
89,Ronald Bolanos,KCR,1,0,0,0,0,0,0,0,0,0,0,0,0,0,0,bolanro01
90,Skye Bolt,OAK,42,106,10,21,2,0,4,13,5,0,7,30,2,1,0,boltsk01
91,David Bote,CHC,41,116,15,30,8,0,4,12,1,0,6,45,4,1,0,boteda01
92,Sean Bouchard,COL,27,74,9,22,6,0,3,11,0,0,21,25,1,1,0,bouchse01
93,Bobby Bradley,CLE,8,17,1,2,0,0,0,0,0,0,0,9,0,0,0,bradlbo01
94,Jackie Bradley Jr.,TOT,131,344,30,70,23,1,4,38,2,3,24,77,0,0,0,bradlja02
95,Michael Brantley,HOU,64,243,28,70,14,1,5,26,1,1,31,30,1,1,2,brantmi02
96,Rob Brantly,NYY,1,3,0,1,1,0,0,0,0,0,0,0,0,0,0,brantro01
97,Matt Brash,SEA,1,0,0,0,0,0,0,0,0,0,0,0,0,0,0,brashma01
98,Alex Bregman,HOU,155,548,93,142,38,0,23,93,1,2,87,77,11,10,1,bregmal01
99,Will Brennan,CLE,11,42,6,15,1,1,1,8,2,1,2,4,1,0,1,brennwi02
100,Jonah Bride,OAK,58,162,17,33,4,0,1,6,1,0,19,32,4,1,0,bridejo01
101,Lewis Brinson,SFG,16,36,5,6,2,0,3,4,1,0,2,14,0,0,0,brinsle01
102,Mike Brosseau,MIL,69,141,15,36,5,0,6,23,2,0,14,48,5,0,0,brossmi01
103,Seth Brown,OAK,150,500,55,115,26,3,25,73,11,2,51,146,3,1,3,brownse01
104,Justin Bruihl,LAD,1,0,0,0,0,0,0,0,0,0,0,0,0,0,0,bruihju01
105,Vidal Brujan,TBR,52,147,13,24,5,0,3,16,5,5,12,37,1,2,0,brujavi01
106,Kris Bryant,COL,42,160,28,49,12,0,5,14,0,0,17,27,2,2,0,bryankr01
107,Aaron Bummer,CHW,1,0,0,0,0,0,0,0,0,0,0,0,0,0,0,bummeaa01
108,Peyton Burdick,MIA,32,92,8,19,4,0,4,11,1,0,8,35,2,0,0,burdipe01
109,Jake Burger,CHW,51,168,20,42,9,1,8,26,0,0,10,56,3,1,1,burgeja01
110,Alec Burleson,STL,16,48,4,9,1,0,1,3,1,0,5,9,0,0,0,burleal01
111,Byron Buxton,MIN,92,340,61,76,13,3,28,51,6,0,34,116,7,1,0,buxtoby01
112,Miguel Cabrera,DET,112,397,25,101,10,0,5,43,1,0,28,101,3,5,3,cabremi01
113,Oswaldo Cabrera,NYY,44,154,21,38,8,1,6,19,3,2,15,44,0,1,0,cabreos01
114,Lorenzo Cain,MIL,43,145,17,26,5,0,1,9,2,2,8,36,2,1,0,cainlo01
115,Kole Calhoun,TEX,125,388,36,76,14,1,12,49,3,2,27,136,6,3,0,calhoko01
116,Willie Calhoun,TOT,22,52,7,7,3,0,1,3,0,0,9,8,1,0,0,calhowi01
117,Alex Call,TOT,47,114,18,27,3,1,5,13,3,3,15,30,2,0,0,callal02
118,Johan Camargo,PHI,52,152,8,36,3,0,3,15,0,0,13,37,0,0,0,camarjo01
119,Daz Cameron,DET,21,64,6,14,3,1,1,8,2,0,5,20,1,0,0,camerda01
120,Luis Campusano,SDP,16,48,4,12,1,0,1,5,0,0,1,11,0,1,0,campulu01
121,Jeimer Candelario,DET,124,429,49,93,19,2,13,50,0,1,28,109,6,4,1,candeje01
122,Mark Canha,NYM,140,462,71,123,24,0,13,61,3,1,48,97,28,4,1,canhama01
123,Robinson Canó,TOT,33,100,5,15,1,0,1,4,0,0,4,25,0,0,0,canoro01
124,Conner Capel,TOT,22,52,7,16,0,1,3,11,1,1,5,10,0,2,0,capelco01
125,Vinny Capra,TOR,8,5,2,1,0,0,0,0,0,0,2,1,0,0,0,capravi01
126,Victor Caratini,MIL,95,272,26,54,12,0,9,34,0,0,31,67,9,1,1,caratvi01
127,Dylan Carlson,STL,128,432,56,102,30,4,8,42,5,2,45,94,7,4,1,carlsdy01
128,Kerry Carpenter,DET,31,103,16,26,4,1,6,10,0,0,6,32,3,1,0,carpeke01
129,Matt Carpenter,NYY,47,128,28,39,9,0,15,37,0,0,19,35,5,1,1,carpema01
130,Corbin Carroll,ARI,32,104,13,27,9,2,4,14,2,1,8,31,3,0,0,carroco02
131,Curt Casali,TOT,57,148,20,30,4,0,5,17,0,0,24,50,2,2,0,casalcu01
132,Triston Casas,BOS,27,76,11,15,1,0,5,12,1,0,19,23,0,0,0,casastr01
133,Nick Castellanos,PHI,136,524,56,138,27,0,13,62,7,1,29,130,3,2,0,casteni01
134,Diego Castillo,SEA,2,0,0,0,0,0,0,0,0,0,0,0,0,0,0,castidi01
135,Diego Castillo,PIT,96,262,28,54,13,0,11,29,1,1,14,75,3,4,1,castidi02
136,Harold Castro,DET,120,420,37,114,21,2,7,47,0,1,17,79,1,2,1,castrha01
137,Jason Castro,HOU,34,78,6,9,2,0,1,3,1,0,8,40,1,1,0,castrja01
138,Rodolfo Castro,PIT,71,253,25,59,8,4,11,27,5,3,22,74,2,1,0,castrro01
139,Willi Castro,DET,112,365,47,88,18,2,8,31,9,4,15,82,8,3,0,castrwi01
140,Jake Cave,MIN,54,164,17,35,7,3,5,20,2,0,11,49,0,2,0,caveja01
141,Gilberto Celestino,MIN,122,311,30,74,12,1,2,24,4,1,32,77,2,0,0,celesgi01
142,Yu Chang,TOT,69,168,19,35,6,0,4,15,0,1,16,59,4,2,0,changyu01
143,Matt Chapman,TOR,155,538,83,123,27,1,27,76,2,2,68,170,10,5,1,chapmma01
144,Michael Chavis,PIT,129,401,39,92,16,3,14,49,1,1,19,126,2,4,1,chavimi01
145,Robinson Chirinos,BAL,67,195,10,35,9,0,4,22,1,0,19,67,4,1,0,chiriro01
146,Jazz Chisholm Jr.,MIA,60,213,39,54,10,4,14,45,12,5,21,66,3,3,0,chishja01
147,Ji-Man Choi,TBR,113,356,36,83,22,0,11,52,0,0,58,123,2,3,3,choiji01
148,Taylor Clarke,KCR,4,0,0,0,0,0,0,0,0,0,0,0,0,0,0,clarkta01
149,Kody Clemens,DET,56,117,13,17,4,0,5,17,1,0,8,33,0,2,0,clemeko01
150,Ernie Clement,TOT,69,163,19,30,4,0,0,6,0,1,11,26,2,1,0,clemeer01
151,Dylan Coleman,KCR,4,0,0,0,0,0,0,0,0,0,0,0,0,0,0,colemdy01
152,Zack Collins,TOT,36,97,9,15,4,0,4,11,0,0,9,41,1,1,0,colliza01
153,Alex Colome,COL,1,0,0,0,0,0,0,0,0,0,0,0,0,0,0,colomal01
154,Mark Contreras,MIN,28,58,9,7,1,0,3,6,1,0,1,21,1,1,0,contrma01
155,William Contreras,ATL,97,334,51,93,14,1,20,45,2,0,39,104,1,2,1,contrwi02
156,Willson Contreras,CHC,113,416,65,101,23,2,22,55,4,2,45,103,24,2,0,contrwi01
157,Garrett Cooper,MIA,119,414,37,108,33,2,9,50,0,0,40,119,10,5,0,coopega03
158,Franchy Cordero,BOS,84,242,36,53,17,1,8,29,4,1,28,92,1,2,1,cordefr02
159,Carlos Correa,MIN,136,522,70,152,24,1,22,64,0,1,61,121,3,4,2,correca01
160,Brandon Crawford,SFG,118,407,50,94,15,2,9,52,1,1,39,98,8,4,3,crawfbr01
161,J.P. Crawford,SEA,145,518,57,126,24,3,6,42,3,2,68,80,10,5,0,crawfjp01
162,C.J. Cron,COL,150,575,79,148,28,3,29,102,0,0,43,164,8,5,6,croncj01
163,Jake Cronenworth,SDP,158,587,88,140,30,4,17,88,3,0,70,131,16,8,3,croneja01
164,Narciso Crook,CHC,4,8,1,2,1,0,0,2,0,0,0,3,0,1,0,crookna01
165,Nelson Cruz,WSN,124,448,50,105,16,0,10,64,4,0,49,119,4,3,1,cruzne02
166,Oneil Cruz,PIT,87,331,45,77,13,4,17,54,10,4,28,126,1,1,1,cruzon01
167,Charlie Culberson,TEX,68,115,19,29,6,0,2,12,2,3,5,31,0,0,0,culbech01
168,Travis d'Arnaud,ATL,107,396,61,106,25,1,18,60,0,0,19,90,11,0,0,darnatr01
169,Bobby Dalbec,BOS,117,317,40,68,9,2,12,39,3,0,29,118,3,4,0,dalbebo01
170,Matt Davidson,TOT,13,34,3,5,0,0,2,3,0,1,3,13,0,0,0,davidma02
171,Brendon Davis,DET,3,10,2,2,0,0,0,0,1,0,1,3,0,0,0,davisbr04
172,J.D. Davis,TOT,115,318,46,79,16,1,12,35,1,1,39,122,6,2,1,davisjd01
173,Jaylin Davis,BOS,12,24,4,8,1,0,0,2,0,0,3,11,0,0,0,davisja03
174,Jonathan Davis,MIL,37,76,9,17,1,0,0,4,7,1,14,26,0,0,0,davisjo05
175,Ronnie Dawson,CIN,1,3,0,0,0,0,0,0,0,0,0,2,0,0,0,dawsoro01
176,Yonathan Daza,COL,113,372,56,112,21,2,2,34,0,3,26,58,4,5,0,dazayo01
177,Bryan De La Cruz,MIA,115,329,38,83,20,0,13,43,4,0,19,90,2,4,0,delacbr01
178,Enyel De Los Santos,CLE,1,0,0,0,0,0,0,0,0,0,0,0,0,0,0,delosen01
179,Austin Dean,SFG,3,8,1,3,0,0,0,0,0,0,1,0,0,0,0,deanau01
180,Paul DeJong,STL,77,210,19,33,9,0,6,25,3,2,21,79,4,2,0,dejonpa01
181,Jason Delay,PIT,57,155,17,33,6,0,1,11,0,2,9,50,2,0,0,delayja01
182,Ben DeLuzio,STL,22,20,3,3,1,0,0,0,0,1,3,5,1,0,0,deluzbe01
183,Travis Demeritte,ATL,26,89,9,19,2,0,3,6,0,0,6,32,0,1,0,demertr01
184,Rafael Devers,BOS,141,555,84,164,42,1,27,88,3,1,50,114,6,3,11,deverra01
185,Aledmys Díaz,HOU,92,305,35,74,13,0,12,38,1,1,18,53,2,2,0,diazal02
186,Edwin Díaz,NYM,2,0,0,0,0,0,0,0,0,0,0,0,0,0,0,diazed04
187,Elias Diaz,COL,105,351,29,80,18,2,9,51,0,1,25,82,2,3,0,diazel01
188,Jordan Diaz,OAK,15,49,3,13,3,0,0,1,0,0,2,7,0,0,0,diazjo03
189,Lewin Diaz,MIA,58,160,12,27,4,0,5,11,1,0,11,54,1,2,0,diazle01
190,Yainer Diaz,HOU,6,8,0,1,1,0,0,1,0,0,1,2,0,0,0,diazya02
191,Yandy Díaz,TBR,137,473,71,140,33,0,9,57,3,3,78,60,6,1,2,diazya01
192,Yusniel Diaz,BAL,1,1,0,0,0,0,0,0,0,0,0,1,0,0,0,diazyu01
193,Alex Dickerson,ATL,13,33,3,4,0,0,1,2,0,0,3,9,0,0,0,dickeal01
194,Corey Dickerson,STL,96,281,28,75,17,1,6,36,0,0,12,48,2,2,1,dickeco01
195,Wilmer Difo,ARI,3,6,0,0,0,0,0,0,0,0,0,1,0,0,0,difowi01
196,Brandon Dixon,SDP,5,14,1,3,1,0,0,1,0,0,0,5,0,0,0,dixonbr01
197,Josh Donaldson,NYY,132,478,59,106,28,0,15,62,2,2,54,148,8,6,1,donaljo02
198,Brendan Donovan,STL,126,391,64,110,21,1,5,45,2,3,60,70,14,2,1,donovbr01
199,Jeter Downs,BOS,14,39,4,6,1,0,1,4,0,0,1,21,0,1,0,downsje01
200,Hunter Dozier,KCR,128,462,51,109,26,4,12,41,4,3,34,125,3,1,0,doziehu01
201,Brandon Drury,TOT,138,518,87,136,31,2,28,87,2,3,38,126,8,4,0,drurybr01
202,Mauricio Dubon,TOT,104,243,31,52,9,0,5,24,2,3,13,30,1,5,0,dubonma01
203,Tyler Duffey,MIN,2,0,0,0,0,0,0,0,0,0,0,0,0,0,0,duffety01
204,Matt Duffy,LAA,77,228,14,57,8,0,2,16,0,0,17,50,2,0,0,duffyma01
205,Steven Duggar,TOT,29,72,7,11,3,1,0,4,5,1,7,41,0,1,0,duggast01
206,Joe Dunand,MIA,3,10,2,3,1,0,1,1,0,0,0,3,1,0,0,dunanjo01
207,Ezequiel Duran,TEX,58,208,25,49,10,1,5,25,4,1,12,54,0,0,0,duranez01
208,Jarren Duran,BOS,58,204,23,45,14,3,3,17,7,1,14,63,4,1,0,duranja01
209,Jhoan Duran,MIN,3,0,0,0,0,0,0,0,0,0,0,0,0,0,0,duranjh01
210,Adam Duvall,ATL,86,287,39,61,16,1,12,36,0,2,21,101,5,2,0,duvalad01
211,Nate Eaton,KCR,44,106,16,28,4,3,1,12,11,1,10,30,2,3,0,eatonna01
212,Tommy Edman,STL,153,577,95,153,31,4,13,57,32,3,46,111,5,1,2,edmanto01
213,Drew Ellis,TOT,7,16,2,3,1,0,0,1,0,0,1,7,0,0,0,ellisdr01
214,Jerar Encarnacion,MIA,23,77,7,14,3,0,3,14,2,0,3,32,0,1,0,encarje01
215,Adam Engel,CHW,119,245,32,55,13,1,2,17,12,4,11,76,4,0,1,engelad01
216,Alcides Escobar,WSN,40,124,12,27,4,2,0,8,1,1,5,32,2,0,0,escobal02
217,Eduardo Escobar,NYM,136,495,58,119,26,4,20,69,0,2,40,129,1,6,3,escobed01
218,Santiago Espinal,TOR,135,449,51,120,25,0,7,51,6,6,36,68,2,3,1,espinsa01
219,Carlos Estevez,COL,1,0,0,0,0,0,0,0,0,0,0,0,0,0,0,estevca01
220,Thairo Estrada,SFG,140,488,71,127,22,2,14,62,21,6,33,89,14,5,0,estrath01
221,Stuart Fairchild,TOT,46,97,14,24,4,1,5,6,0,2,8,34,5,0,0,faircst01
222,Jeurys Familia,TOT,1,0,0,0,0,0,0,0,0,0,0,0,0,0,0,familje01
223,Kyle Farmer,CIN,145,526,58,134,25,1,14,78,4,3,33,99,16,6,0,farmeky01
224,Mario Feliciano,MIL,2,4,0,1,0,0,0,0,0,0,1,1,0,0,0,felicma01
225,Freddy Fermin,KCR,3,7,1,0,0,0,0,0,0,1,0,3,0,0,0,fermifr01
226,David Fletcher,LAA,61,216,20,55,9,1,2,17,1,0,7,16,3,0,0,fletcda02
227,Wilmer Flores,SFG,151,525,72,120,28,1,19,71,0,0,59,103,11,7,1,florewi01
228,Estevan Florial,NYY,17,31,4,3,0,0,0,1,2,0,3,13,1,0,0,flories01
229,Dylan Floro,MIA,1,0,0,0,0,0,0,0,0,0,0,0,0,0,0,florody01
230,Mike Ford,TOT,50,131,9,27,5,0,3,10,0,0,17,40,1,0,0,fordmi01
231,Nick Fortes,MIA,72,217,41,50,6,1,9,24,5,3,18,45,5,0,0,forteni01
232,Matt Foster,CHW,1,0,0,0,0,0,0,0,0,0,0,0,0,0,0,fostema01
233,Lucius Fox,WSN,10,25,2,2,0,0,0,2,1,0,1,9,0,0,0,foxlu01
234,Jake Fraley,CIN,68,216,33,56,9,0,12,28,4,1,26,54,3,2,1,fraleja01
235,Ty France,SEA,140,551,65,151,27,1,20,83,0,0,35,94,21,5,3,francty01
236,Maikel Franco,WSN,103,371,31,85,15,0,9,39,1,0,12,75,2,3,0,francma02
237,Wander Franco,TBR,83,314,46,87,20,3,6,33,8,0,26,33,0,4,1,francwa01
238,Adam Frazier,SEA,156,541,61,129,22,4,3,42,11,6,46,73,5,6,1,fraziad01
239,Jackson Frazier,CHC,19,37,4,8,3,0,0,1,1,0,7,11,1,0,0,frazicl01
240,Freddie Freeman,LAD,159,612,117,199,47,2,21,100,13,3,84,102,5,7,12,freemfr01
241,Tyler Freeman,CLE,24,77,9,19,3,0,0,3,1,0,4,11,4,1,0,freemty01
242,TJ Friedl,CIN,72,225,33,54,10,5,8,25,7,2,20,40,7,6,0,friedtj01
243,Michael Fulmer,TOT,1,0,0,0,0,0,0,0,0,0,0,0,0,0,0,fulmemi01
244,Cam Gallagher,KCR,18,42,1,9,5,0,0,5,0,0,3,13,0,0,0,gallaca01
245,Joey Gallo,TOT,126,350,48,56,8,2,19,47,3,0,56,163,3,1,0,gallojo01
246,Ben Gamel,PIT,115,371,42,86,20,2,9,46,5,1,48,98,3,1,2,gamelbe01
247,Adolis García,TEX,156,605,88,151,34,5,27,101,25,6,40,183,6,6,2,garciad02
248,Aramis Garcia,CIN,47,108,6,23,2,0,1,4,0,1,3,34,2,0,0,garciar01
249,Avisail Garcia,MIA,98,357,31,80,9,0,8,35,4,0,17,109,4,2,0,garciav01
250,Dermis Garcia,OAK,39,116,13,24,6,0,5,20,0,0,8,55,1,0,0,garcide02
251,Leury Garcia,CHW,97,300,38,63,8,0,3,20,2,0,7,65,3,3,0,garcile02
252,Luis Garcia,WSN,93,360,29,99,23,2,7,45,3,4,11,84,1,4,1,garcilu04
253,Maikel Garcia,KCR,9,22,1,7,1,0,0,2,0,0,1,5,0,0,0,garcima01
254,Rico Garcia,BAL,1,0,0,0,0,0,0,0,0,0,0,0,0,0,0,garciri01
255,Kyle Garlick,MIN,66,150,23,35,3,0,9,18,0,0,8,48,3,1,0,garliky01
256,Dustin Garneau,DET,8,10,1,3,1,0,0,1,0,0,1,4,0,0,0,garnedu01
257,Stone Garrett,ARI,27,76,13,21,8,0,4,10,3,1,3,27,1,1,0,garrest01
258,Mitch Garver,TEX,54,188,23,39,7,0,10,24,1,1,23,53,2,2,0,garvemi01
259,Lucas Gilbreath,COL,1,0,0,0,0,0,0,0,0,0,0,0,0,0,0,gilbrlu01
260,Andres Gimenez,CLE,146,491,66,146,26,3,17,69,20,3,34,112,25,3,4,gimenan01
261,Kevin Ginkel,ARI,1,0,0,0,0,0,0,0,0,0,0,0,0,0,0,ginkeke01
262,Mychal Givens,TOT,1,0,0,0,0,0,0,0,0,0,0,0,0,0,0,givenmy01
263,Jose Godoy,TOT,10,20,3,1,0,0,0,1,0,0,2,9,0,0,0,godoyjo01
264,Paul Goldschmidt,STL,151,561,106,178,41,0,35,115,7,0,79,141,5,4,1,goldspa01
265,Yan Gomes,CHC,86,277,23,65,12,0,8,31,2,0,8,47,3,4,0,gomesya01
266,Erik Gonzalez,MIA,16,37,4,7,1,0,0,3,1,0,4,12,0,0,0,gonzaer01
267,Luis Gonzalez,SFG,98,311,31,79,17,2,4,36,10,2,30,75,4,5,1,gonzalu03
268,Marwin Gonzalez,NYY,85,184,20,34,7,0,6,18,3,0,14,54,4,2,0,gonzama01
269,Oscar Gonzalez,CLE,91,362,39,107,27,0,11,43,1,2,15,75,3,2,2,gonzaos01
270,Romy Gonzalez,CHW,32,105,15,25,4,1,2,11,0,1,2,39,1,1,0,gonzaro01
271,Niko Goodrum,HOU,15,43,2,5,2,0,0,1,1,0,2,23,0,0,0,goodrni01
272,Nick Gordon,MIN,136,405,45,110,28,4,9,50,6,4,19,105,10,6,1,gordoni01
273,Terrance Gore,NYM,10,7,1,1,0,0,0,0,3,0,0,3,0,0,0,gorete01
274,Nolan Gorman,STL,89,283,44,64,13,0,14,35,1,0,28,103,2,0,0,gormano01
275,Phil Gosselin,TOT,34,74,6,11,0,1,0,2,0,0,2,24,1,0,0,gosseph01
276,Yasmani Grandal,CHW,99,327,15,66,7,0,5,27,1,0,45,79,2,2,1,grandya01
277,Kendall Graveman,CHW,1,0,0,0,0,0,0,0,0,0,0,0,0,0,0,graveke01
278,Riley Greene,DET,93,376,46,95,18,4,5,42,1,4,36,120,3,3,0,greenri03
279,Didi Gregorius,PHI,63,214,17,45,9,4,1,19,1,0,13,36,3,2,0,gregodi01
280,Grayson Greiner,ARI,2,6,0,1,0,0,0,0,0,0,2,3,0,0,0,greingr01
281,Randal Grichuk,COL,140,506,60,131,21,3,19,73,4,0,24,127,6,2,0,grichra01
282,Justin Grimm,OAK,1,0,0,0,0,0,0,0,0,0,0,0,0,0,0,grimmju01
283,Trent Grisham,SDP,152,451,58,83,16,2,17,53,7,1,57,150,7,2,1,grishtr01
284,Vaughn Grissom,ATL,41,141,24,41,6,0,5,18,5,2,11,34,3,1,1,grissva01
285,Jordan Groshans,MIA,17,61,9,16,0,0,1,2,0,0,4,13,0,0,0,groshjo01
286,Robbie Grossman,TOT,129,411,40,86,19,1,7,45,6,2,56,129,6,4,0,grossro01
287,Vladimir Guerrero Jr.,TOR,160,638,90,175,35,0,32,97,8,3,58,116,6,4,6,guerrvl02
288,Luis Guillorme,NYM,102,297,33,81,12,1,2,17,1,0,34,46,2,0,1,guilllu01
289,Lourdes Gurriel Jr.,TOR,121,453,52,132,32,1,5,52,3,4,31,83,6,2,1,gurrilo01
290,Yuli Gurriel,HOU,146,545,53,132,40,0,8,53,8,0,30,73,6,3,0,gourryu01
291,Dalton Guthrie,PHI,14,21,3,7,0,0,1,5,1,0,6,7,1,0,0,guthrda01
292,Kelvin Gutierrez,BAL,12,28,2,4,1,0,0,3,1,0,4,8,0,0,0,gutieke01
293,Ronald Guzman,NYY,3,6,0,0,0,0,0,0,0,0,0,5,0,0,0,guzmaro01
294,Eric Haase,DET,110,323,41,82,17,1,14,44,0,0,24,97,1,3,1,haaseer01
295,Jake Hager,ARI,28,50,4,12,2,0,0,3,0,0,8,17,0,0,0,hagerja01
296,Sam Haggerty,SEA,83,176,29,45,9,1,5,23,13,1,18,53,4,2,3,haggesa01
297,Darick Hall,PHI,41,136,19,34,8,1,9,16,0,0,5,44,1,0,0,hallda02
298,Billy Hamilton,TOT,37,20,13,1,0,0,0,0,10,1,2,12,0,0,0,hamilbi02
299,Caleb Hamilton,MIN,22,18,5,1,0,0,1,1,0,0,4,14,0,0,0,hamilca01
300,Garrett Hampson,COL,90,199,29,42,7,3,2,15,12,2,21,63,1,2,0,hampsga01
301,Mitch Haniger,SEA,57,224,31,55,8,0,11,34,0,0,20,65,1,2,1,hanigmi01
302,Ian Happ,CHC,158,573,72,155,42,2,17,72,9,4,58,149,6,4,4,happia01
303,Bryce Harper,PHI,99,370,63,106,28,1,18,65,11,4,46,87,3,7,9,harpebr03
304,Michael Harris,ATL,114,414,75,123,27,3,19,64,20,2,21,107,5,0,0,harrimi04
305,Josh Harrison,CHW,119,386,50,99,19,2,7,27,2,1,21,71,14,2,0,harrijo05
306,Monte Harrison,LAA,9,11,5,2,0,0,1,3,1,0,2,8,1,0,0,harrimo01
307,Adam Haseley,CHW,14,21,4,5,0,0,0,2,0,0,3,7,0,0,0,haselad01
308,Ke'Bryan Hayes,PIT,136,505,55,123,24,3,7,41,20,5,48,122,5,2,0,hayeske01
309,Austin Hays,BAL,145,535,66,134,35,2,16,60,2,4,34,114,10,3,0,haysau01
310,Austin Hedges,CLE,105,294,26,48,4,0,7,30,2,0,25,78,6,3,0,hedgeau01
311,Jonah Heim,TEX,127,406,51,92,20,1,16,48,2,0,41,87,1,2,0,heimjo01
312,Tyler Heineman,TOT,62,157,16,34,8,0,0,9,1,0,8,17,5,0,0,heinety01
313,Gunnar Henderson,BAL,34,116,12,30,7,1,4,18,1,1,16,34,0,0,1,hendegu01
314,Liam Hendriks,CHW,1,0,0,0,0,0,0,0,0,0,0,0,0,0,0,hendrli01
315,Ryan Hendrix,CIN,1,0,0,0,0,0,0,0,0,0,0,0,0,0,0,hendrry01
316,Payton Henry,MIA,15,28,2,4,0,0,0,4,0,0,5,8,2,0,0,henrypa01
317,David Hensley,HOU,16,29,7,10,2,1,1,5,0,0,5,6,0,0,0,henslda01
318,Guillermo Heredia,ATL,74,76,12,12,3,1,3,8,0,0,6,32,0,0,0,heredgu01
319,Michael Hermosillo,CHC,31,61,7,7,2,0,0,4,1,0,7,27,4,0,0,hermomi01
320,Carlos Hernandez,KCR,1,0,0,0,0,0,0,0,0,0,0,0,0,0,0,hernaca04
321,Cesar Hernandez,WSN,147,560,64,139,28,4,1,34,10,4,45,114,7,2,0,hernace02
322,Elier Hernandez,TEX,14,33,4,6,2,0,0,3,0,0,1,15,0,1,0,hernael02
323,Enrique Hernandez,BOS,93,361,48,80,24,0,6,45,0,2,34,71,3,4,0,hernaen02
324,Teoscar Hernandez,TOR,131,499,71,133,35,1,25,77,6,3,34,152,2,0,0,hernate01
325,Yadiel Hernández,WSN,94,305,30,82,16,0,9,41,2,1,19,74,1,2,0,hernaya01
326,Yonny Hernandez,ARI,12,24,2,2,0,0,0,0,2,0,2,4,0,0,0,hernayo02
327,Ivan Herrera,STL,11,18,0,2,0,0,0,1,0,0,2,8,0,1,0,herreiv01
328,Jose Herrera,ARI,47,111,9,21,2,0,0,5,0,0,9,34,0,0,0,herrejo04
329,Odubel Herrera,PHI,62,185,23,44,9,1,5,21,6,0,11,42,0,1,0,herreod01
330,Jason Heyward,CHC,48,137,15,28,5,1,1,10,1,0,11,32,3,0,0,heywaja01
331,Brewer Hicklen,KCR,6,4,1,0,0,0,0,0,0,0,0,4,0,0,0,hicklbr01
332,Aaron Hicks,NYY,130,384,54,83,9,2,8,40,10,3,62,109,4,2,3,hicksaa01
333,Kyle Higashioka,NYY,83,229,27,52,7,0,10,31,0,1,12,52,1,4,0,higasky01
334,P.J. Higgins,CHC,74,201,23,46,11,1,6,30,0,0,22,58,2,1,0,higgipj01
335,Derek Hill,DET,31,83,8,19,2,0,1,3,3,0,5,28,0,1,0,hillde01
336,Sam Hilliard,COL,70,174,26,32,6,1,2,14,5,1,23,57,1,2,0,hillisa01
337,Keston Hiura,MIL,80,234,34,53,8,1,14,32,5,2,23,111,8,1,0,hiurake01
338,Nico Hoerner,CHC,135,481,60,135,22,5,10,55,20,2,28,57,6,2,4,hoernni01
339,Jeff Hoffman,CIN,1,0,0,0,0,0,0,0,0,0,0,0,0,0,0,hoffmje02
340,Rhys Hoskins,PHI,156,589,81,145,33,2,30,79,2,1,72,169,6,4,0,hoskirh01
341,Eric Hosmer,TOT,104,380,38,102,19,0,8,44,0,0,37,64,1,1,5,hosmeer01
342,Sam Huff,TEX,44,121,9,29,4,0,4,10,1,0,11,42,0,0,1,huffsa01
343,Brandon Hughes,CHC,1,0,0,0,0,0,0,0,0,0,0,0,0,0,0,hughebr01
344,Cooper Hummel,ARI,66,176,20,31,8,3,3,17,4,1,23,64,1,1,0,hummeco01
345,Tommy Hunter,NYM,2,0,0,0,0,0,0,0,0,0,0,0,0,0,0,hunteto02
346,Andy Ibáñez,TEX,40,119,13,26,4,0,1,9,3,0,9,21,0,0,0,ibanean01
347,José Iglesias,COL,118,439,48,128,30,0,3,47,2,3,17,56,8,3,0,iglesjo01
348,Ender Inciarte,NYM,11,8,1,1,0,0,0,0,0,0,0,0,0,0,0,inciaen01
349,Jonathan India,CIN,103,386,48,96,16,2,10,41,3,4,31,94,14,0,1,indiajo01
350,Kyle Isbel,KCR,106,256,32,54,10,4,5,28,9,6,16,75,3,2,0,isbelky01
351,Alex Jackson,MIL,5,12,0,3,0,0,0,0,0,0,0,7,0,0,0,jacksal02
352,Drew Jackson,OAK,3,3,0,0,0,0,0,0,0,0,0,1,0,0,0,jacksdr01
353,Travis Jankowski,TOT,44,55,11,9,0,0,0,2,3,0,8,10,1,0,0,jankotr01
354,Danny Jansen,TOR,72,215,34,56,10,0,15,44,1,0,25,44,3,5,1,janseda01
355,Ryan Jeffers,MIN,67,212,25,44,10,1,7,27,0,0,23,62,0,0,0,jeffery01
356,Eloy Jiménez,CHW,84,292,40,86,12,0,16,54,0,0,28,72,3,4,0,jimenel02
357,Connor Joe,COL,111,404,56,96,20,4,7,28,6,2,55,97,7,1,0,joeco01
358,Bryce Johnson,SFG,11,18,1,2,0,0,0,2,0,0,1,7,0,0,0,johnsbr03
359,Nolan Jones,CLE,28,86,10,21,5,0,2,13,0,0,8,31,0,0,1,jonesno01
360,Taylor Jones,HOU,1,1,0,0,0,0,0,0,0,0,0,0,0,0,0,jonesta01
361,Aaron Judge,NYY,157,570,133,177,28,0,62,131,16,3,111,175,6,5,19,judgeaa01
362,Josh Jung,TEX,26,98,9,20,4,1,5,14,2,0,4,39,0,0,0,jungjo01
363,James Kaprielian,OAK,1,0,0,0,0,0,0,0,0,0,0,0,0,0,0,kaprija01
364,Gosuke Katoh,TOR,8,7,2,1,1,0,0,0,0,0,3,1,0,0,0,katohgo01
365,Jarred Kelenic,SEA,54,163,20,23,5,1,7,17,5,2,16,61,1,1,0,kelenja01
366,Carson Kelly,ARI,104,317,40,67,18,0,7,35,2,0,29,71,4,4,0,kellyca02
367,Tony Kemp,OAK,147,497,61,117,24,2,7,46,11,1,45,69,8,3,0,kempto01
368,Buddy Kennedy,ARI,30,83,10,18,2,2,1,12,0,0,8,23,1,2,0,kennebu01
369,Ian Kennedy,ARI,1,0,0,0,0,0,0,0,0,0,0,0,0,0,0,kenneia01
370,Max Kepler,MIN,115,388,54,88,18,1,9,43,3,2,49,66,5,4,1,keplema01
371,Kevin Kiermaier,TBR,63,206,28,47,8,0,7,22,6,1,14,61,1,0,0,kiermke01
372,Ha-Seong Kim,SDP,150,517,58,130,29,3,11,59,12,2,51,100,7,4,0,kimha01
373,Craig Kimbrel,LAD,1,0,0,0,0,0,0,0,0,0,0,0,0,0,0,kimbrcr01
374,Isiah Kiner-Falefa,NYY,142,483,66,126,20,0,4,48,22,4,35,72,5,5,2,kineris01
375,Scott Kingery,PHI,1,0,0,0,0,0,0,0,0,0,0,0,0,0,0,kingesc01
376,Alex Kirilloff,MIN,45,144,14,36,7,0,3,21,0,0,5,36,4,2,0,kirilal01
377,Alejandro Kirk,TOR,139,470,59,134,19,0,14,63,0,0,63,58,4,4,2,kirkal01
378,Andrew Knapp,TOT,16,39,4,5,1,0,0,4,0,0,5,12,1,1,0,knappan01
379,Andrew Knizner,STL,96,260,28,56,10,0,4,25,0,1,26,62,6,0,0,kniznan01
380,Mark Kolozsvary,CIN,10,20,3,4,2,0,1,3,0,0,1,9,0,0,0,kolozma01
381,Joey Krehbiel,BAL,1,0,0,0,0,0,0,0,0,0,0,0,0,0,0,krehbjo01
382,Ryan Kreidler,DET,26,73,8,13,1,0,1,6,0,1,6,22,1,2,0,kreidry01
383,Jason Krizan,SFG,3,8,0,1,0,0,0,0,0,0,2,3,0,0,0,krizaja01
384,Joel Kuhnel,CIN,1,0,0,0,0,0,0,0,0,0,0,0,0,0,0,kuhnejo01
385,Steven Kwan,CLE,147,563,89,168,25,7,6,52,19,5,62,60,7,4,2,kwanst01
386,Tommy La Stella,SFG,60,180,17,43,14,0,2,14,0,0,11,30,1,3,0,lasteto01
387,Juan Lagares,LAA,20,60,4,11,2,1,0,0,0,0,2,15,0,0,0,lagarju01
388,Jake Lamb,TOT,41,97,13,21,6,1,3,6,0,1,11,38,3,0,0,lambja01
389,Jimmy Lambert,CHW,1,0,0,0,0,0,0,0,0,0,0,0,0,0,0,lambeji01
390,Shea Langeliers,OAK,40,142,14,31,10,1,6,22,0,0,9,53,0,2,0,langesh01
391,Trevor Larnach,MIN,51,160,22,37,13,0,5,18,0,0,18,57,0,2,1,larnatr01
392,Jack Larsen,SEA,1,1,0,0,0,0,0,0,0,0,0,1,0,0,0,larseja01
393,Ramon Laureano,OAK,94,346,49,73,18,0,13,34,11,6,25,104,12,0,0,laurera01
394,Bryan Lavastida,CLE,6,12,0,1,0,0,0,0,0,0,3,4,0,0,0,lavasbr01
395,Charles Leblanc,MIA,48,156,18,41,10,0,4,11,4,2,12,53,1,0,0,leblach01
396,Khalil Lee,NYM,2,2,1,1,0,0,1,3,0,0,0,0,0,0,0,leekh01
397,Korey Lee,HOU,12,25,1,4,2,0,0,4,0,0,1,9,0,0,0,leeko01
398,DJ LeMahieu,NYY,125,467,74,122,18,0,12,46,4,3,67,71,4,2,0,lemahdj01
399,Sandy Leon,TOT,33,71,6,12,3,0,0,4,0,0,13,27,0,0,0,leonsa01
400,Josh Lester,DET,2,5,0,0,0,0,0,0,0,0,0,3,0,0,0,lestejo02
401,Kyle Lewis,SEA,18,56,6,8,0,0,3,5,0,0,5,19,1,0,0,lewisky01
402,Royce Lewis,MIN,12,40,5,12,4,0,2,5,0,0,1,5,0,0,0,lewisro02
403,Luis Liberato,SDP,7,5,0,0,0,0,0,0,0,0,0,3,0,0,0,liberlu01
404,Matthew Liberatore,STL,1,0,0,0,0,0,0,0,0,0,0,0,0,0,0,liberma01
405,Francisco Lindor,NYM,161,630,98,170,25,5,26,107,16,6,59,133,10,7,2,lindofr01
406,Jonathan Loaisiga,NYY,1,0,0,0,0,0,0,0,0,0,0,0,0,0,0,loaisjo01
407,Tim Locastro,NYY,38,43,13,8,1,0,2,4,8,2,2,7,1,0,0,locasti01
408,Evan Longoria,SFG,89,266,31,65,13,0,14,42,0,0,27,83,2,3,2,longoev01
409,Christian Lopes,OAK,4,9,0,0,0,0,0,0,0,0,1,5,0,0,0,lopesch01
410,Alejo Lopez,CIN,59,145,15,38,5,1,1,10,3,1,9,21,2,0,1,lopezal03
411,Jorge Lopez,TOT,4,0,0,0,0,0,0,0,0,0,0,0,0,0,0,lopezjo02
412,Nicky Lopez,KCR,141,436,51,99,12,4,0,20,13,3,29,63,4,1,0,lopezni01
413,Otto Lopez,TOR,8,9,0,6,0,0,0,3,0,1,1,1,0,0,0,lopezot01
414,Reynaldo Lopez,CHW,1,0,0,0,0,0,0,0,0,0,0,0,0,0,0,lopezre01
415,Brandon Lowe,TBR,65,235,31,52,10,2,8,25,1,0,27,61,3,1,0,lowebr01
416,Josh Lowe,TBR,52,181,24,40,12,2,2,13,3,0,15,66,1,0,1,lowejo01
417,Nathaniel Lowe,TEX,157,593,74,179,26,3,27,76,2,2,48,147,4,0,2,lowena01
418,Jed Lowrie,OAK,50,167,14,30,5,0,3,16,1,0,15,39,0,2,0,lowrije01
419,Seth Lugo,NYM,1,0,0,0,0,0,0,0,0,0,0,0,0,0,0,lugose01
420,Jordan Luplow,ARI,83,205,26,36,5,0,11,28,5,1,25,60,3,1,1,luplojo01
421,Gavin Lux,LAD,129,421,66,116,20,7,6,42,7,2,47,95,0,3,0,luxga01
422,Daniel Lynch,KCR,1,0,0,0,0,0,0,0,0,0,0,0,0,0,0,lynchda02
423,Dixon Machado,SFG,5,15,1,3,0,0,0,0,0,0,1,5,1,0,0,machadi01
424,Manny Machado,SDP,150,578,100,172,37,1,32,102,9,1,63,133,1,2,10,machama01
425,Vimael Machin,OAK,73,223,26,49,12,0,1,13,1,1,25,47,2,3,0,machivi01
426,David MacKinnon,TOT,22,50,2,7,0,0,0,6,0,0,6,17,0,1,0,mackida01
427,Nick Madrigal,CHC,59,209,19,52,7,0,0,7,3,1,14,27,3,0,0,madrini01
428,Bligh Madris,PIT,39,113,10,20,7,0,1,7,2,1,10,31,0,0,0,madribl01
429,Luke Maile,CLE,76,181,19,40,10,0,3,17,0,0,19,54,3,3,0,mailelu01
430,Martin Maldonado,HOU,113,344,40,64,12,0,15,45,0,0,22,116,7,2,0,maldoma01
431,Trey Mancini,TOT,143,519,56,124,23,1,18,63,0,0,53,135,10,5,2,mancitr01
432,Joe Mantiply,ARI,1,0,0,0,0,0,0,0,0,0,0,0,0,0,0,mantijo01
433,Tucupita Marcano,PIT,49,160,18,33,6,2,2,13,2,1,10,44,1,1,0,marcatu01
434,Manuel Margot,TBR,89,336,36,92,18,2,4,47,7,3,24,68,2,1,1,margoma01
435,Jake Marisnick,PIT,31,77,9,18,6,0,2,6,2,1,4,24,0,0,1,marisja01
436,Deven Marrero,NYM,5,6,0,0,0,0,0,0,1,0,0,3,0,0,0,marrede01
437,Brandon Marsh,TOT,134,424,49,104,18,4,11,52,10,4,28,158,3,3,1,marshbr02
438,Ketel Marte,ARI,137,492,68,118,42,2,12,52,5,1,55,101,6,5,3,marteke01
439,Starling Marte,NYM,118,466,76,136,24,5,16,63,18,9,26,97,13,0,0,martest01
440,Brett Martin,TEX,1,0,0,0,0,0,0,0,0,0,0,0,0,0,0,martibr01
441,Chris Martin,TOT,1,0,0,0,0,0,0,0,0,0,0,0,0,0,0,martich02
442,Richie Martin,BAL,13,30,4,5,0,2,0,3,3,1,3,10,0,0,0,martiri01
443,J.D. Martinez,BOS,139,533,76,146,43,1,16,62,0,0,52,145,5,5,1,martijd02
444,Michael Massey,KCR,52,173,16,42,9,1,4,17,3,0,9,46,8,2,0,massemi02
445,Miles Mastrobuoni,TBR,8,16,1,3,0,0,0,0,1,0,1,6,0,0,0,mastrmi01
446,Jorge Mateo,BAL,150,494,63,109,25,7,13,50,35,9,27,147,5,2,0,mateojo01
447,Mark Mathias,TOT,30,81,13,20,3,0,6,20,3,0,9,30,0,1,0,mathima01
448,J.J. Matijevic,HOU,32,67,7,14,2,0,2,5,1,0,2,25,2,0,0,matijjj01
449,Nick Maton,PHI,34,72,13,18,2,1,5,17,0,0,10,29,1,2,0,matonni01
450,Jack Mayfield,LAA,23,70,8,13,1,1,1,6,1,0,3,17,1,0,0,mayfija01
451,Nomar Mazara,SDP,55,159,16,42,8,0,2,18,0,0,10,40,2,0,0,mazarno01
452,Patrick Mazeika,NYM,24,68,4,13,4,0,1,6,0,0,2,9,0,0,0,mazeipa01
453,James McCann,NYM,61,174,19,34,6,0,3,18,3,0,11,46,4,2,0,mccanja02
454,Jake McCarthy,ARI,99,321,53,91,16,3,8,43,23,3,23,76,6,1,0,mccarja02
455,Chas McCormick,HOU,119,359,47,88,12,2,14,44,4,3,46,106,1,1,0,mccorch01
456,Andrew McCutchen,MIL,134,515,66,122,25,0,17,69,8,6,57,124,4,4,1,mccutan01
457,Mickey McDonald,OAK,4,4,0,0,0,0,0,0,0,0,2,3,0,0,0,mcdonmi01
458,Reese McGuire,TOT,89,249,25,67,14,1,3,22,1,0,12,56,3,3,0,mcguire01
459,Ryan McKenna,BAL,104,156,23,37,10,0,2,11,2,1,11,55,2,1,1,mckenry01
460,Billy McKinney,OAK,23,52,3,5,1,0,1,4,0,0,4,16,0,1,1,mckinbi01
461,Zach McKinstry,TOT,57,166,21,33,6,3,5,14,7,0,16,52,1,0,0,mckinza01
462,Ryan McMahon,COL,153,529,67,130,23,3,20,67,7,3,60,158,5,3,0,mcmahry01
463,Jeff McNeil,NYM,148,533,73,174,39,1,9,62,4,0,40,61,11,5,1,mcneije01
464,Austin Meadows,DET,36,128,9,32,6,2,0,11,0,1,16,17,3,0,0,meadoau01
465,Adonis Medina,NYM,2,0,0,0,0,0,0,0,0,0,0,0,0,0,0,medinad01
466,Francisco Mejia,TBR,93,289,32,70,22,0,6,31,0,0,7,65,2,1,0,mejiafr01
467,Mark Melancon,ARI,2,0,0,0,0,0,0,0,0,0,0,0,0,0,0,melanma01
468,MJ Melendez,KCR,129,460,57,100,21,3,18,62,2,3,66,131,1,7,1,melenmj01
469,Danny Mendick,CHW,31,97,22,28,4,1,3,15,1,0,7,23,1,0,0,mendida01
470,Joey Meneses,WSN,56,222,33,72,14,0,13,34,1,0,15,52,1,2,2,menesjo01
471,Oscar Mercado,TOT,55,121,17,25,6,1,4,16,2,2,5,29,1,1,0,mercaos01
472,Yermin Mercedes,SFG,31,73,9,17,5,0,1,8,0,0,9,17,1,0,0,merceye01
473,Whit Merrifield,TOT,139,504,70,126,28,1,11,58,16,5,38,85,0,8,0,merriwh01
474,Jake Meyers,HOU,52,150,13,34,6,2,1,15,2,1,7,54,2,1,0,meyerja02
475,Keynan Middleton,ARI,1,0,0,0,0,0,0,0,0,0,0,0,0,0,0,middlke01
476,Brad Miller,TEX,81,222,20,47,3,0,7,32,4,2,18,70,0,1,0,millebr02
477,Owen Miller,CLE,130,424,53,103,26,1,6,51,2,0,32,93,7,9,1,milleow01
478,Alec Mills,CHC,1,0,0,0,0,0,0,0,0,0,0,0,0,0,0,millsal02
479,Wyatt Mills,TOT,1,0,0,0,0,0,0,0,0,0,0,0,0,0,0,millswy01
480,Jose Miranda,MIN,125,444,45,119,25,0,15,66,1,1,28,91,10,1,0,miranjo01
481,Calvin Mitchell,PIT,69,212,21,48,11,0,5,17,3,1,18,52,0,1,0,mitchca01
482,Garrett Mitchell,MIL,28,61,9,19,3,0,2,9,8,0,6,28,0,0,0,mitchga01
483,Yadier Molina,STL,78,262,19,56,8,0,5,24,2,0,5,40,2,1,0,molinya01
484,Yoan Moncada,CHW,104,397,41,84,18,1,12,51,2,0,32,114,2,1,2,moncayo01
485,Adalberto Mondesí,KCR,15,50,3,7,0,0,0,3,5,0,4,20,0,0,0,mondera02
486,Nate Mondou,OAK,1,2,0,0,0,0,0,0,0,0,1,1,0,0,0,mondona01
487,Mickey Moniak,TOT,37,106,13,18,3,1,3,8,1,0,4,44,1,0,0,moniami01
488,Elehuris Montero,COL,53,176,21,41,15,1,6,20,0,0,8,60,1,0,0,monteel01
489,Dylan Moore,SEA,104,205,41,46,11,2,6,24,21,8,34,75,13,1,2,mooredy01
490,Colin Moran,CIN,42,109,11,23,3,0,5,23,0,0,16,30,0,3,0,moranco01
491,Christopher Morel,CHC,113,379,55,89,19,4,16,47,10,7,38,137,3,2,0,morelch01
492,Gabriel Moreno,TOR,25,69,10,22,1,0,1,7,0,0,4,8,0,0,0,morenga01
493,Dauri Moreta,CIN,1,0,0,0,0,0,0,0,0,0,0,0,0,0,0,moretda01
494,Reyes Moronta,TOT,1,0,0,0,0,0,0,0,0,0,0,0,0,0,0,moronre01
495,Taylor Motter,CIN,2,6,0,1,0,0,0,0,0,0,0,3,0,0,0,motteta01
496,Ryan Mountcastle,BAL,145,555,62,139,28,1,22,85,4,1,43,154,4,7,1,mountry01
497,Mike Moustakas,CIN,78,252,30,54,12,0,7,25,2,0,24,75,6,3,0,moustmi01
498,Cedric Mullins,BAL,156,608,89,157,32,4,16,64,34,10,47,126,9,5,2,mullice01
499,Max Muncy,LAD,136,464,69,91,22,1,21,69,2,0,90,141,5,6,1,muncyma01
500,Yairo Munoz,PHI,29,57,7,12,2,0,3,7,1,0,3,10,0,0,0,munozya01
501,Penn Murfee,SEA,1,0,0,0,0,0,0,0,0,0,0,0,0,0,0,murfepe01
502,Sean Murphy,OAK,148,537,67,134,37,2,18,66,1,0,56,124,13,5,2,murphse01
503,Tom Murphy,SEA,14,33,9,10,2,0,1,1,0,0,8,13,0,0,0,murphto04
504,Simon Muzziotti,PHI,9,7,0,1,0,0,0,0,0,0,0,2,1,0,0,muzzisi01
505,Wil Myers,SDP,77,261,29,68,15,0,7,41,2,1,21,86,1,3,1,myerswi01
506,Tyler Naquin,TOT,105,310,47,71,19,4,11,46,4,2,19,93,4,0,2,naquity01
507,Andrew Nardi,MIA,1,0,0,0,0,0,0,0,0,0,0,0,0,0,0,nardian01
508,Omar Narvaez,MIL,84,262,21,54,12,1,4,23,0,0,29,57,3,1,1,narvaom01
509,Bo Naylor,CLE,5,8,0,0,0,0,0,0,0,0,0,5,0,0,0,naylobo01
510,Josh Naylor,CLE,122,449,47,115,28,0,20,79,6,1,38,80,6,5,4,naylojo01
511,Kyle Nelson,ARI,2,0,0,0,0,0,0,0,0,0,0,0,0,0,0,nelsoky01
512,Sheldon Neuse,OAK,89,271,25,58,4,2,4,26,6,1,20,80,2,0,0,neusesh01
513,Tyler Nevin,BAL,58,157,17,31,4,0,2,16,0,0,20,46,4,3,0,nevinty01
514,Kevin Newman,PIT,78,288,31,79,18,2,2,24,8,2,16,48,2,1,0,newmake01
515,Tomás Nido,NYM,98,284,31,68,15,0,3,28,0,0,14,76,1,2,0,nidoto01
516,Brandon Nimmo,NYM,151,580,102,159,30,7,16,64,3,2,71,116,16,3,0,nimmobr01
517,Austin Nola,SDP,110,347,40,87,15,0,4,40,2,1,34,60,6,9,1,nolaau01
518,Lars Nootbaar,STL,108,290,53,66,16,3,14,40,4,1,51,71,1,5,1,nootbla01
519,Daniel Norris,TOT,1,0,0,0,0,0,0,0,0,0,0,0,0,0,0,norrida01
520,Dom Nunez,COL,14,33,3,4,1,0,0,2,0,0,6,10,0,2,0,nunezdo01
521,Ryan O'Hearn,KCR,67,134,14,32,6,1,1,16,0,0,8,35,2,1,0,ohearry01
522,Logan O'Hoppe,LAA,5,14,1,4,0,0,0,2,0,0,2,3,0,0,0,ohopplo01
523,Brian O'Keefe,SEA,2,3,0,1,0,0,0,0,0,0,1,2,0,0,0,okeefbr01
524,Tyler O'Neill,STL,96,334,56,76,11,1,14,58,14,4,38,103,4,7,0,oneilty01
525,Rougned Odor,BAL,135,426,49,88,19,3,13,53,6,1,32,109,10,4,1,odorro01
526,Shohei Ohtani,LAA,157,586,90,160,30,6,34,95,11,9,72,161,5,3,14,ohtansh01
527,Steven Okert,MIA,1,0,0,0,0,0,0,0,0,0,0,0,0,0,0,okertst01
528,Chris Okey,CIN,7,12,3,2,0,0,0,0,0,0,0,5,1,0,0,okeych01
529,Edward Olivares,KCR,53,161,24,46,8,0,4,15,2,3,10,36,2,1,0,olivaed02
530,Matt Olson,ATL,162,616,86,148,44,0,34,103,0,0,75,170,4,4,6,olsonma02
531,Rafael Ortega,CHC,118,316,35,76,14,1,7,35,12,7,44,74,2,7,2,ortegra01
532,James Outman,LAD,4,13,6,6,2,0,1,3,0,0,2,7,1,0,0,outmaja01
533,Chris Owings,BAL,26,56,6,6,2,0,0,0,1,0,10,24,1,0,0,owingch01
534,Marcell Ozuna,ATL,124,470,56,106,19,0,23,56,2,1,31,122,2,4,0,ozunama01
535,Cristian Pache,OAK,91,241,18,40,5,2,3,18,2,2,15,70,1,0,0,pachecr01
536,Kevin Padlo,TOT,13,33,0,4,1,0,0,3,0,0,1,10,0,0,0,padloke01
537,Jermaine Palacios,MIN,30,70,8,10,0,0,2,6,0,0,4,27,0,2,0,palacje01
538,Josh Palacios,WSN,29,47,8,10,2,0,0,2,1,0,1,15,1,0,0,palacjo01
539,Richie Palacios,CLE,54,112,7,26,6,0,0,10,2,0,9,20,1,1,1,palacri01
540,Michael Papierski,TOT,39,91,7,13,1,0,1,4,0,0,10,26,0,0,0,papiemi01
541,Isaac Paredes,TBR,111,331,48,68,16,0,20,45,0,1,44,67,4,2,0,paredis01
542,Hoy Park,PIT,23,51,7,11,2,0,2,6,1,0,4,15,1,2,0,parkho01
543,Vinnie Pasquantino,KCR,72,258,25,76,10,0,10,26,1,0,35,34,3,2,1,pasquvi01
544,Joel Payamps,TOT,2,0,0,0,0,0,0,0,0,0,0,0,0,0,0,payamjo01
545,Mark Payton,CHW,8,21,3,3,0,0,0,1,0,0,4,4,0,0,0,paytoma01
546,Joc Pederson,SFG,134,380,57,104,19,3,23,70,3,2,42,100,7,4,3,pederjo01
547,Liover Peguero,PIT,1,3,0,1,0,0,0,0,0,0,1,2,0,0,0,pegueli01
548,Jeremy Pena,HOU,136,521,72,132,20,2,22,63,11,2,22,135,6,5,0,penaje02
549,David Peralta,TOT,134,439,39,110,30,3,12,59,1,3,41,114,4,6,5,peralda01
550,Oswald Peraza,NYY,18,49,8,15,3,0,1,2,2,0,6,9,2,0,0,perazos02
551,Geraldo Perdomo,ARI,148,431,58,84,10,2,5,40,9,2,50,103,5,2,0,perdoge01
552,Carlos Perez,CHW,7,18,0,4,2,0,0,2,0,0,0,2,0,0,0,perezca03
553,Cionel Pérez,BAL,2,0,0,0,0,0,0,0,0,0,0,0,0,0,0,perezci01
554,Joe Perez,HOU,1,1,0,0,0,0,0,0,0,0,0,1,0,0,0,perezjo02
555,Michael Perez,TOT,45,121,10,18,0,0,6,14,1,0,10,32,0,0,0,perezmi03
556,Roberto Perez,PIT,21,60,8,14,2,0,2,8,0,0,9,25,0,0,0,perezro02
557,Salvador Perez,KCR,114,445,48,113,23,1,23,76,0,0,18,109,7,3,2,perezsa02
558,Jace Peterson,MIL,112,288,44,68,14,2,8,34,12,1,33,85,2,3,2,peterja01
559,Tommy Pham,TOT,144,554,89,131,23,1,17,63,8,3,56,167,7,5,0,phamth01
560,Brett Phillips,TOT,83,201,22,29,6,0,5,15,7,0,16,94,3,1,0,phillbr02
561,Evan Phillips,LAD,1,0,0,0,0,0,0,0,0,0,1,0,0,0,0,phillev01
562,Kevin Pillar,LAD,4,12,1,1,1,0,0,0,0,0,1,4,0,0,0,pillake01
563,Manny Pina,ATL,5,14,1,2,0,0,0,2,0,0,1,1,1,1,0,pinama01
564,Chad Pinder,OAK,111,361,38,85,18,0,12,42,2,0,14,118,0,2,0,pindech01
565,Israel Pineda,WSN,4,13,1,1,0,0,0,0,0,0,1,7,0,0,0,pinedis01
566,Rene Pinto,TBR,25,80,5,17,3,0,2,10,0,0,2,35,1,0,0,pintore02
567,Stephen Piscotty,OAK,42,126,12,24,4,0,5,14,2,0,9,48,2,2,1,piscost01
568,Kevin Plawecki,TOT,63,168,15,37,8,0,1,13,0,0,14,32,2,1,0,plaweke01
569,Nick Plummer,NYM,14,29,4,4,1,0,2,6,0,0,1,12,1,0,0,plummni01
570,Jorge Polanco,MIN,104,375,54,88,16,0,16,56,3,3,64,95,2,4,1,polanjo01
571,AJ Pollock,CHW,138,489,61,120,26,1,14,56,3,1,32,98,2,4,0,polloaj01
572,Zach Pop,TOT,1,0,0,0,0,0,0,0,0,0,0,0,0,0,0,popza01
573,Sean Poppen,ARI,2,0,0,0,0,0,0,0,0,0,0,0,0,0,0,poppese01
574,Nick Pratto,KCR,49,158,18,29,9,1,7,20,0,0,19,66,1,3,0,prattni01
575,David Price,LAD,1,0,0,0,0,0,0,0,0,0,0,0,0,0,0,priceda01
576,Ford Proctor,SFG,7,18,3,2,0,0,1,6,0,0,2,3,0,2,0,proctfo01
577,Jurickson Profar,SDP,152,575,82,140,36,2,15,58,5,1,73,103,4,3,0,profaju01
578,Albert Pujols,STL,109,307,42,83,14,0,24,68,1,2,28,55,10,6,1,pujolal01
579,Roman Quinn,TOT,44,79,15,17,3,2,0,7,4,3,7,36,1,0,0,quinnro01
580,Esteban Quiroz,CHC,14,40,3,11,0,0,0,3,1,1,4,9,2,0,0,quiroes01
581,Cal Raleigh,SEA,119,370,46,78,20,1,27,63,1,0,38,122,2,5,0,raleica01
582,Luke Raley,TBR,22,61,7,12,2,0,1,4,0,0,7,24,3,1,0,raleylu01
583,Harold Ramirez,TBR,120,403,46,121,24,0,6,58,3,5,19,72,9,4,1,ramirha02
584,Jose Ramirez,CLE,157,601,90,168,44,5,29,126,20,7,69,82,6,9,20,ramirjo01
585,Noe Ramirez,ARI,1,0,0,0,0,0,0,0,0,0,0,0,0,0,0,ramirno01
586,Heliot Ramos,SFG,9,20,4,2,0,0,0,0,0,0,2,6,0,0,0,ramoshe02
587,J.T. Realmuto,PHI,139,504,75,139,26,5,22,84,21,1,41,119,12,5,1,realmjt01
588,Jake Reed,TOT,2,0,0,0,0,0,0,0,0,0,0,0,0,0,0,reedja02
589,Rob Refsnyder,BOS,57,153,25,47,11,0,6,21,1,1,15,46,6,3,0,refsnro01
590,Zach Reks,TEX,16,34,3,9,1,0,0,3,0,1,0,10,0,0,0,reksza01
591,Anthony Rendon,LAA,47,166,15,38,10,0,5,24,2,0,23,35,2,2,0,rendoan01
592,Hunter Renfroe,MIL,125,474,62,121,23,1,29,72,1,1,39,121,4,3,1,renfrhu01
593,Luis Rengifo,LAA,127,489,45,129,22,4,17,52,6,2,17,79,4,0,0,rengilu01
594,Franmil Reyes,TOT,118,438,43,97,17,2,14,47,2,1,30,157,2,3,0,reyesfr01
595,Pablo Reyes,MIL,5,15,1,4,0,0,0,0,0,0,1,2,0,0,0,reyespa01
596,Victor Reyes,DET,92,315,27,80,19,3,3,34,2,2,13,77,4,4,0,reyesvi01
597,Bryan Reynolds,PIT,145,542,74,142,19,4,27,62,7,3,56,141,14,2,6,reynobr01
598,Matt Reynolds,TOT,93,244,31,60,10,1,3,23,5,0,26,78,1,1,0,reynoma03
599,JT Riddle,CIN,2,4,0,1,0,0,0,0,0,0,0,1,0,0,0,riddljt01
600,Austin Riley,ATL,159,615,90,168,39,2,38,93,2,0,57,168,17,4,1,rileyau01
601,Edwin Rios,LAD,27,86,12,21,1,0,7,17,0,1,5,36,1,0,1,riosed01
602,Alfonso Rivas,CHC,101,251,27,59,5,2,3,25,6,1,29,87,4,2,1,rivasal01
603,Emmanuel Rivera,TOT,102,330,46,77,16,3,12,40,1,2,23,83,5,1,0,riverem01
604,Sebastian Rivero,KCR,17,26,2,4,0,0,0,1,0,0,2,10,0,0,0,riverse01
605,Anthony Rizzo,NYY,130,465,77,104,21,1,32,75,6,5,58,101,23,2,6,rizzoan01
606,Luis Robert,CHW,98,380,54,108,18,0,12,56,11,3,17,77,3,1,1,roberlu01
607,David Robertson,TOT,2,1,0,0,0,0,0,0,0,0,0,1,0,0,0,roberda08
608,Kramer Robertson,STL,2,1,0,0,0,0,0,1,0,0,0,0,0,0,0,roberkr01
609,Chuckie Robinson,CIN,25,59,3,8,2,0,2,5,0,0,0,17,0,0,0,robinch04
610,Victor Robles,WSN,132,366,42,82,10,2,6,33,15,4,17,104,9,4,0,roblevi01
611,Brendan Rodgers,COL,137,527,72,140,30,3,13,63,0,0,46,101,3,5,0,rodgebr02
612,Joely Rodriguez,NYM,2,0,0,0,0,0,0,0,0,0,0,0,0,0,0,rodrijo06
613,Julio Rodriguez,SEA,132,511,84,145,25,3,28,75,25,7,40,145,8,1,4,rodriju01
614,Taylor Rogers,TOT,1,0,0,0,0,0,0,0,0,0,0,0,0,0,0,rogerta01
615,Jose Rojas,LAA,22,56,1,7,2,0,0,1,0,0,0,19,1,0,0,rojasjo02
616,Josh Rojas,ARI,125,443,66,119,25,1,9,56,23,3,55,98,2,5,2,rojasjo01
617,Miguel Rojas,MIA,140,471,34,111,19,2,6,36,9,3,26,61,6,3,1,rojasmi02
618,JoJo Romero,TOT,1,0,0,0,0,0,0,0,0,0,0,0,0,0,0,romerjo01
619,Austin Romine,TOT,51,129,10,20,3,0,3,9,0,0,4,46,1,0,0,rominau01
620,Brent Rooker,TOT,16,32,1,4,1,0,0,2,0,0,3,11,1,0,0,rookebr01
621,Amed Rosario,CLE,153,637,86,180,26,9,11,71,18,4,25,111,4,4,0,rosaram01
622,Eddie Rosario,ATL,80,250,27,53,12,1,5,24,3,0,17,68,0,3,0,rosared01
623,Eguy Rosario,SDP,7,5,0,1,0,0,0,0,0,0,1,2,0,0,0,rosareg01
624,Darin Ruf,TOT,118,334,52,68,12,0,11,45,2,0,45,105,6,3,0,rufda01
625,Esteury Ruiz,TOT,17,35,3,6,1,1,0,2,1,2,1,7,0,0,0,ruizes01
626,Keibert Ruiz,WSN,112,394,33,99,22,0,7,36,6,1,30,50,6,2,0,ruizke01
627,Adley Rutschman,BAL,113,398,70,101,35,1,13,42,4,0,65,86,4,3,0,rutscad01
628,Gary Sanchez,MIN,128,419,42,86,24,0,16,61,2,0,40,136,7,5,0,sanchga02
629,Jesus Sanchez,MIA,98,313,38,67,14,3,13,36,1,0,26,92,3,1,0,sanchje02
630,Yolmer Sanchez,TOT,17,37,1,4,0,0,0,2,0,2,5,13,0,0,0,sanchca01
631,Donny Sands,PHI,3,3,0,0,0,0,0,0,0,0,1,1,0,0,0,sandsdo01
632,Reiver Sanmartin,CIN,1,2,0,0,0,0,0,0,0,0,0,1,0,0,0,sanmare01
633,Miguel Sano,MIN,20,60,1,5,0,0,1,3,1,0,9,25,1,1,0,sanomi01
634,Carlos Santana,TOT,131,431,52,87,18,0,19,60,0,0,71,88,2,2,2,santaca01
635,Anthony Santander,BAL,152,574,78,138,24,0,33,89,0,2,55,122,13,5,1,santaan02
636,Clarke Schmidt,NYY,1,0,0,0,0,0,0,0,0,0,0,0,0,0,0,schmicl01
637,Jonathan Schoop,DET,131,481,48,97,23,1,11,38,5,0,19,107,6,4,1,schoojo01
638,Max Schrock,CIN,13,26,1,4,0,0,0,1,0,0,1,6,0,0,0,schroma01
639,Kyle Schwarber,PHI,155,577,100,126,21,3,46,94,10,1,86,200,4,2,3,schwaky01
640,Frank Schwindel,CHC,75,271,23,62,11,0,8,36,0,0,19,58,0,2,1,schwifr01
641,Tanner Scott,MIA,3,0,0,0,0,0,0,0,0,0,0,0,0,0,0,scottta01
642,Corey Seager,TEX,151,593,91,145,24,1,33,83,3,0,58,103,7,5,7,seageco01
643,Jean Segura,PHI,98,354,45,98,9,0,10,33,13,6,25,58,7,1,1,segurje01
644,Marcus Semien,TEX,161,657,101,163,31,5,26,83,25,8,53,120,4,10,0,semiema01
645,Nick Senzel,CIN,110,373,45,86,13,0,5,25,8,5,30,76,5,1,0,senzeni01
646,Brian Serven,COL,62,187,19,38,4,1,6,16,0,0,13,44,2,1,0,servebr01
647,Anderson Severino,CHW,1,0,0,0,0,0,0,0,0,0,0,0,0,0,0,severan01
648,Pedro Severino,MIL,8,18,0,4,2,0,0,1,0,0,3,7,0,0,0,severpe01
649,Paul Sewald,SEA,3,0,0,0,0,0,0,0,0,0,0,0,0,0,0,sewalpa01
650,Bryan Shaw,CLE,1,0,0,0,0,0,0,0,0,0,0,0,0,0,0,shawbr01
651,Travis Shaw,BOS,7,19,0,0,0,0,0,0,0,0,0,7,0,0,0,shawtr01
652,Gavin Sheets,CHW,124,377,34,91,19,0,15,53,0,0,27,86,3,3,0,sheetga01
653,Zack Short,DET,6,9,2,0,0,0,0,2,1,0,2,5,0,2,0,shortza01
654,Chasen Shreve,NYM,1,0,0,0,0,0,0,0,0,0,0,0,0,0,0,shrevch01
655,Michael Siani,CIN,9,24,1,4,0,0,0,0,0,1,0,7,0,0,0,sianimi01
656,Magneuris Sierra,LAA,45,91,7,15,1,3,0,5,6,1,4,25,0,0,0,sierrma01
657,Andrelton Simmons,CHC,34,75,8,13,1,0,0,7,4,0,7,13,0,0,0,simmoan01
658,Jose Siri,TOT,104,301,53,64,13,2,7,24,14,2,20,108,3,1,0,sirijo01
659,Austin Slater,SFG,125,277,49,73,15,2,7,34,12,1,40,89,6,2,0,slateau01
660,Dominic Smith,NYM,58,134,11,26,10,1,0,17,0,0,12,37,4,2,0,smithdo02
661,Josh Smith,TEX,73,213,23,42,5,0,2,16,4,3,28,50,7,3,0,smithjo11
662,Kevin Smith,OAK,47,139,9,25,9,1,2,13,4,0,7,42,0,2,0,smithke05
663,Pavin Smith,ARI,75,245,24,54,9,0,9,33,1,0,28,67,1,3,1,smithpa04
664,Will Smith,LAD,137,508,68,132,26,3,24,87,1,0,56,96,10,4,4,smithwi05
665,Canaan Smith-Njigba,PIT,3,5,1,1,1,0,0,0,0,0,1,0,1,0,0,smithca05
666,Collin Snider,KCR,2,0,0,0,0,0,0,0,0,0,0,0,0,0,0,snideco01
667,Nick Solak,TEX,35,82,14,17,1,0,3,4,3,2,7,19,5,0,0,solakni01
668,Donovan Solano,CIN,80,278,22,79,16,0,4,24,0,0,19,61,5,2,1,solando01
669,Jorge Soler,MIA,72,270,32,56,13,0,13,34,0,2,31,90,3,1,1,solerjo01
670,Edmundo Sosa,TOT,78,176,26,40,11,4,2,21,6,1,5,50,7,1,0,sosaed01
671,Lenyn Sosa,CHW,11,35,3,4,1,0,1,1,0,0,1,12,0,0,0,sosale01
672,Juan Soto,TOT,153,524,93,127,25,2,27,62,6,2,135,96,4,0,6,sotoju01
673,Livan Soto,LAA,18,55,9,22,5,1,1,9,1,1,2,13,0,1,0,sotoli01
674,Steven Souza Jr.,SEA,6,19,0,3,0,0,0,1,0,0,0,8,0,0,0,souzast01
675,Cory Spangenberg,STL,1,0,0,0,0,0,0,0,0,0,0,0,0,0,0,spangco01
676,George Springer,TOR,133,513,89,137,22,4,25,76,14,2,54,100,7,5,1,springe01
677,Jacob Stallings,MIA,114,346,25,77,12,0,4,34,0,1,29,83,6,2,0,stallja01
678,Giancarlo Stanton,NYY,110,398,53,84,7,0,31,78,0,0,50,137,0,3,2,stantmi03
679,Max Stassi,LAA,102,333,32,60,12,1,9,30,0,0,38,112,2,1,0,stassma01
680,Josh Staumont,KCR,2,0,0,0,0,0,0,0,0,0,0,0,0,0,0,staumjo01
681,Drew Steckenrider,SEA,1,0,0,0,0,0,0,0,0,0,0,0,0,0,0,steckdr01
682,Spencer Steer,CIN,28,95,12,20,5,0,2,8,0,1,11,26,2,0,0,steersp01
683,Michael Stefanic,LAA,25,61,5,12,2,0,0,0,0,0,5,12,2,0,0,stefami01
684,Jackson Stephens,ATL,1,0,0,0,0,0,0,0,0,0,0,0,0,0,0,stephja01
685,Tyler Stephenson,CIN,50,166,24,53,9,0,6,35,1,0,12,47,3,2,0,stephty01
686,Cal Stevenson,OAK,23,60,5,10,3,0,0,1,1,1,8,23,0,1,0,steveca01
687,DJ Stewart,BAL,3,3,0,0,0,0,0,0,0,0,0,2,0,0,0,stewadj01
688,Trevor Story,BOS,94,357,53,85,22,0,16,66,13,0,32,122,3,4,4,storytr01
689,Bryson Stott,PHI,127,427,58,100,19,2,10,49,12,4,36,89,1,1,0,stottbr01
690,Kyle Stowers,BAL,34,91,11,23,4,1,3,11,0,0,5,29,2,0,0,stoweky01
691,Dee Strange-Gordon,WSN,22,59,6,18,1,1,0,2,3,2,0,8,0,0,0,gordode01
692,Myles Straw,CLE,152,535,72,118,22,3,0,32,21,1,54,87,1,4,0,strawmy01
693,Hunter Strickland,CIN,1,0,0,0,0,0,0,0,0,0,0,0,0,0,0,strichu01
694,Garrett Stubbs,PHI,46,106,19,28,4,1,5,16,2,0,14,30,0,0,0,stubbga01
695,Eugenio Suarez,SEA,150,543,76,128,24,2,31,87,0,0,73,196,8,5,0,suareeu01
696,Cole Sulser,MIA,1,0,0,0,0,0,0,0,0,0,0,0,0,0,0,sulseco01
697,Jack Suwinski,PIT,106,326,45,66,11,0,19,38,4,2,41,114,4,1,1,suwinja01
698,Kurt Suzuki,LAA,51,139,10,25,4,0,4,15,0,0,15,29,2,2,0,suzukku01
699,Seiya Suzuki,CHC,111,397,54,104,22,2,14,46,9,5,42,110,4,3,3,suzukse01
700,Travis Swaggerty,PIT,5,9,0,1,0,0,0,0,0,0,0,4,0,0,0,swaggtr01
701,Dansby Swanson,ATL,162,640,99,177,32,1,25,96,18,7,49,182,3,4,0,swansda01
702,Raimel Tapia,TOR,128,411,47,109,20,3,7,52,8,2,16,81,0,1,0,tapiara01
703,Dillon Tate,BAL,2,0,0,0,0,0,0,0,0,0,0,0,0,0,0,tatedi01
704,Leody Taveras,TEX,99,314,39,82,14,2,5,34,11,5,21,88,2,3,0,taverle01
705,Chris Taylor,LAD,118,402,45,89,25,3,10,43,10,1,44,160,5,3,2,tayloch03
706,Michael A. Taylor,KCR,124,414,49,105,10,3,9,43,4,2,35,109,2,3,0,taylomi02
707,Tyrone Taylor,MIL,120,373,49,87,21,3,17,51,3,2,22,102,7,3,0,tayloty01
708,Rowdy Tellez,MIL,153,529,67,116,23,0,35,89,2,1,62,121,5,3,9,tellero01
709,Matt Thaiss,LAA,29,69,9,15,1,0,2,8,1,0,11,24,0,1,1,thaisma01
710,Caleb Thielbar,MIN,2,0,0,0,0,0,0,0,0,0,0,0,0,0,0,thielca01
711,Alek Thomas,ARI,113,381,45,88,17,1,8,39,4,3,22,74,3,5,0,thomaal01
712,Cody Thomas,OAK,10,30,1,8,0,0,0,0,0,0,2,12,0,0,0,thomaco01
713,Dillon Thomas,LAA,8,11,1,1,0,0,0,0,0,0,2,6,1,0,0,thomadi01
714,Lane Thomas,WSN,146,498,62,120,26,2,17,52,8,4,41,132,4,5,0,thomala02
715,Bubba Thompson,TEX,55,170,18,45,5,0,1,9,18,3,7,56,2,0,0,thompbu01
716,Trayce Thompson,TOT,80,219,36,56,14,1,13,41,4,1,32,93,2,2,0,thomptr01
717,Michael Toglia,COL,31,111,10,24,8,2,2,12,1,1,9,44,0,0,0,toglimi01
718,Ka'ai Tom,SFG,1,1,0,0,0,0,0,0,0,0,0,0,0,0,0,tomka01
719,Spencer Torkelson,DET,110,360,38,73,16,1,8,28,0,1,37,99,5,2,0,torkesp01
720,Abraham Toro,SEA,109,324,36,60,13,1,10,35,2,0,22,65,2,4,1,toroab01
721,Luis Torrens,SEA,55,151,13,34,2,0,3,15,0,0,12,50,1,2,0,torrelu01
722,Gleyber Torres,NYY,140,526,73,135,28,1,24,76,10,5,39,129,3,3,2,torregl01
723,Ezequiel Tovar,COL,9,33,2,7,1,0,1,2,0,0,2,9,0,0,0,tovarez01
724,Taylor Trammell,SEA,43,102,15,20,9,0,4,10,2,1,13,33,0,1,0,trammta01
725,Alan Trejo,COL,35,118,15,32,6,0,4,17,1,2,5,31,2,0,0,trejoal01
726,Jose Trevino,NYY,115,335,39,83,12,1,11,43,2,1,15,62,2,1,0,trevijo01
727,Chadwick Tromp,ATL,1,4,0,3,2,0,0,3,0,0,0,0,0,0,0,trompch01
728,Mike Trout,LAA,119,438,85,124,28,2,40,80,1,0,54,139,6,1,8,troutmi01
729,Yoshi Tsutsugo,PIT,50,170,11,29,4,0,2,19,0,0,19,50,0,4,0,tsutsyo01
730,Cole Tucker,PIT,18,63,3,11,1,1,0,2,1,0,0,25,0,0,0,tuckeco01
731,Kyle Tucker,HOU,150,544,71,140,28,1,30,107,25,4,59,95,1,2,4,tuckeky01
732,Justin Turner,LAD,128,468,61,130,36,0,13,81,3,0,50,89,6,8,1,turneju01
733,Trea Turner,LAD,160,652,101,194,39,4,21,100,27,3,45,131,3,6,1,turnetr01
734,Justin Upton,SEA,17,48,2,6,1,0,1,3,0,0,6,23,3,0,0,uptonju01
735,Luis Urias,MIL,119,406,54,97,17,1,16,47,1,2,50,99,11,5,0,uriaslu01
736,Ramon Urias,BAL,118,403,50,100,17,1,16,51,1,0,30,98,5,4,1,uriasra01
737,Gio Urshela,MIN,144,501,61,143,27,3,13,64,1,0,41,96,2,7,2,urshegi01
738,Josh VanMeter,PIT,67,171,15,32,5,2,3,14,4,0,19,45,0,2,0,vanmejo01
739,Ildemaro Vargas,TOT,63,209,19,55,13,1,4,23,3,1,8,23,3,1,0,vargail01
740,Miguel Vargas,LAD,18,47,4,8,1,0,1,8,1,0,2,13,0,1,0,vargami01
741,Daulton Varsho,ARI,151,531,79,125,23,3,27,74,16,6,46,145,7,5,0,varshda01
742,Andrew Vaughn,CHW,134,510,60,138,28,1,17,76,0,0,31,96,9,5,0,vaughan01
743,Terrin Vavra,BAL,40,89,14,23,2,1,1,12,0,1,12,19,0,2,0,vavrate01
744,Christian Vazquez,TOT,119,398,41,109,23,0,9,52,1,4,22,69,3,3,0,vazquch01
745,Andrew Velazquez,LAA,125,322,37,63,8,0,9,28,17,1,15,119,3,3,0,velazan01
746,Nelson Velázquez,CHC,77,185,20,38,7,3,6,26,5,2,19,65,2,0,0,velazne01
747,Alex Verdugo,BOS,152,593,75,166,39,1,11,74,1,3,42,86,3,6,2,verdual01
748,Mark Vientos,NYM,16,36,3,6,1,0,1,3,0,0,5,12,0,0,0,vientma01
749,Matt Vierling,PHI,117,325,41,80,12,2,6,32,7,4,23,70,3,6,0,vierlma01
750,David Villar,SFG,52,156,21,36,6,1,9,24,0,1,18,58,6,1,0,villada01
751,Jonathan Villar,TOT,59,202,25,42,6,2,3,18,7,0,15,59,0,2,0,villajo01
752,Meibrys Viloria,TEX,26,63,10,10,1,0,2,5,0,0,11,29,0,1,0,vilorme01
753,Daniel Vogelbach,TOT,130,386,47,92,19,1,18,59,0,0,73,114,1,1,2,vogelda01
754,Stephen Vogt,OAK,70,168,18,27,4,1,7,23,1,0,17,46,2,4,0,vogtst01
755,Luke Voit,TOT,135,500,55,113,22,0,22,69,1,1,55,179,7,6,1,voitlu01
756,Jason Vosler,SFG,36,98,14,26,6,1,4,12,1,1,10,29,2,1,1,vosleja01
757,Joey Votto,CIN,91,322,31,66,18,1,11,41,0,0,44,97,10,0,0,vottojo01
758,LaMonte Wade Jr.,SFG,77,217,29,45,7,1,8,26,1,0,26,51,5,1,0,wadela01
759,Tyler Wade,LAA,67,147,22,32,5,0,1,8,8,5,10,33,1,0,0,wadety01
760,Christian Walker,ARI,160,583,84,141,25,2,36,94,2,2,69,131,8,7,2,walkech02
761,Steele Walker,TEX,5,14,1,1,0,0,1,1,0,0,2,4,0,0,0,walkest01
762,Chad Wallach,LAA,12,35,3,5,1,0,1,4,0,0,4,9,0,0,0,wallach01
763,Matt Wallner,MIN,18,57,4,13,3,0,2,10,1,0,6,25,2,0,1,wallnma01
764,Taylor Walls,TBR,142,407,53,70,18,2,8,33,10,3,52,120,2,2,0,wallsta01
765,Jared Walsh,LAA,118,423,41,91,18,2,15,44,2,1,27,138,4,0,4,walshja01
766,Donovan Walton,TOT,25,76,9,12,8,0,1,8,0,0,1,16,1,0,0,waltodo01
767,Taylor Ward,LAA,135,495,73,139,22,2,23,65,5,3,60,120,4,5,0,wardta01
768,Drew Waters,KCR,32,96,14,23,6,1,5,18,0,0,12,40,0,0,0,waterdr01
769,Luke Weaver,TOT,1,0,0,0,0,0,0,0,0,0,0,0,0,0,0,weavelu01
770,J.B. Wendelken,ARI,1,0,0,0,0,0,0,0,0,0,0,0,0,0,0,wendejb01
771,Joey Wendle,MIA,101,347,27,90,24,1,3,32,12,3,15,50,5,3,0,wendljo01
772,Eli White,TEX,47,105,16,21,2,0,3,10,12,1,11,41,0,1,0,whiteel04
773,Aaron Whitefield,LAA,5,11,0,0,0,0,0,0,0,0,0,5,0,0,0,whiteaa01
774,Luke Williams,TOT,79,127,21,30,5,1,1,6,11,4,9,44,0,0,1,willilu01
775,Trevor Williams,NYM,2,0,0,0,0,0,0,0,0,0,0,0,0,0,0,willitr01
776,Marcus Wilson,SEA,3,5,1,1,0,0,0,0,0,0,1,4,0,0,0,wilsoma02
777,Jesse Winker,SEA,136,456,51,100,15,0,14,53,0,0,84,103,4,3,1,winkeje01
778,Patrick Wisdom,CHC,134,469,67,97,28,0,25,66,8,4,53,183,9,2,1,wisdopa01
779,Bobby Witt,KCR,150,591,82,150,31,6,20,80,30,7,30,135,6,5,2,wittbo02
780,Tony Wolters,LAD,2,4,0,0,0,0,0,0,0,0,0,3,0,0,0,wolteto01
781,Connor Wong,BOS,27,48,8,9,3,0,1,7,0,0,5,16,1,1,0,wongco01
782,Kolten Wong,MIL,134,430,65,108,24,4,15,47,17,6,46,88,14,5,2,wongko01
783,Austin Wynns,SFG,65,162,14,42,7,0,3,21,0,0,10,38,3,1,0,wynnsau01
784,Mike Yastrzemski,SFG,148,485,73,104,31,2,17,57,5,1,61,141,5,6,0,yastrmi01
785,Christian Yelich,MIL,154,575,99,145,25,4,14,57,19,3,88,162,5,2,5,yelicch01
786,Juan Yepez,STL,76,253,27,64,13,0,12,30,0,0,16,61,1,4,0,yepezju01
787,Jared Young,CHC,6,19,2,5,2,0,0,0,1,0,3,7,0,0,0,youngja02
788,Seby Zavala,CHW,61,178,22,48,14,0,2,21,0,0,19,64,3,2,0,zavalse01
789,Bradley Zimmer,TOT,109,105,18,13,5,0,2,5,3,2,5,45,6,0,0,zimmebr01
790,Mike Zunino,TBR,36,115,7,17,3,0,5,16,0,0,6,46,1,1,0,zuninmi01
791,LgAvg per 600 PA,,168,539,68,130,26,2,17,65,8,3,49,136,7,4,2,-9999